01-07-2025,www.xyz.com/izxht90,0122cb61-5246-466a-aa69-68a03186a184
01-07-2025,www.xyz.com/brdlq4,e35cb2b9-e0d5-4e4e-8a02-c8b016f4fbf6
01-07-2025,www.xyz.com/tlajr58,e18d2836-fb40-4134-9aea-1bebdf665cd9
01-07-2025,www.xyz.com/xhcxa78,9a3b9332-de57-427f-84b8-c3b6672f0011
01-07-2025,www.xyz.com/zrwiq80,6e60b028-a956-4b15-b6ef-b41d24a4bc36
01-07-2025,www.xyz.com/rupua51,50307828-b7ad-4069-954e-a49bcfa2c047
01-07-2025,www.xyz.com/blkkj1,2e21c790-463f-4518-b39f-82fa20160843
01-07-2025,www.xyz.com/lcomv55,2bef6b5e-63af-4488-8b43-363481191732
01-07-2025,www.xyz.com/keffl75,294b55c8-e0e6-4667-af15-97a82478d896
01-07-2025,www.xyz.com/emgmu48,8737ac07-6703-4ba7-838b-bc779d2ecaf6
01-07-2025,www.xyz.com/wfwpq7,ba6ece80-de0a-4ffd-8509-9d824390ac7d
01-07-2025,www.xyz.com/bmcam89,93b4a6b1-175b-45ee-9b67-408b777db4bc
01-07-2025,www.xyz.com/hhrqo73,8b723721-cf2c-4d08-b9ca-2cfe14edf683
01-07-2025,www.xyz.com/ubsbo15,2ef4f33d-7c98-4f48-9fff-1c07f4f8431f
01-07-2025,www.xyz.com/gfsrn85,67ffa4da-3d7d-43ca-9828-cd37b5677adb
01-07-2025,www.xyz.com/yqttn24,9066ee9b-1932-4549-b774-f6697695e3fc
01-07-2025,www.xyz.com/oyzgf91,5ca3a1f3-ad51-4c0a-9ea1-7a6ef698f7e4
01-07-2025,www.xyz.com/ahnpl39,79e82efa-c4d9-43e0-88e9-1ab1d5b74452
01-07-2025,www.xyz.com/ebmuk91,1039b123-3817-4f74-bc0b-c90386654bfd
01-07-2025,www.xyz.com/kwcju33,74138ae9-6322-4f21-93dd-7a98d306d464
01-07-2025,www.xyz.com/lhmqy9,b4a3b0f8-ba78-4d29-9737-8ecd5cbba3f9
01-07-2025,www.xyz.com/cxlak99,892eebcb-fa79-4e62-993a-899844122673
01-07-2025,www.xyz.com/twbhb67,42511e39-1593-4e6b-9c89-0b5dc56aba32
01-07-2025,www.xyz.com/wlnlz64,ac5f3cb8-b975-4b14-8fbf-80e0322cfd4b
01-07-2025,www.xyz.com/xvrga43,c5784693-ade5-476a-8bf8-8f9774ff7e7c
01-07-2025,www.xyz.com/dzxpg96,647d3338-8d1e-4680-9959-c6ca757ec9b6
01-07-2025,www.xyz.com/ltczy47,96436a2d-c7bd-4b59-afe4-9ebdc0e06101
01-07-2025,www.xyz.com/ybhzq70,8ac60141-a46c-4d27-9a79-437dc54e4b5c
01-07-2025,www.xyz.com/jalwt45,7aecfa24-d65d-4d19-a8a3-c6177bb63214
01-07-2025,www.xyz.com/ltxvr15,c023dbc1-be9c-486e-94e0-698efa731be8
01-07-2025,www.xyz.com/zyohr57,32e16d0e-612e-4cd1-95f1-5dba139faf2d
01-07-2025,www.xyz.com/oxjjf16,93481bcc-bcae-4660-990f-f2d13dc91a56
01-07-2025,www.xyz.com/affbo9,6a30184b-7521-4b9c-82cb-316b350d9299
01-07-2025,www.xyz.com/mcoro52,7b5bacfa-3f82-4be0-9c21-1e53e7cd8885
01-07-2025,www.xyz.com/mbokk77,59a76787-8f75-497f-b6e4-4e1c6d97d420
01-07-2025,www.xyz.com/rzvjd20,ef8eb0f9-68fa-4ef5-814c-8eeb722bd8ed
01-07-2025,www.xyz.com/lzeco48,8024ad5a-d27f-4e15-921d-8915d7f6c119
01-07-2025,www.xyz.com/mgxyf16,602598b2-6957-4d3c-ab74-bfda9b1df678
01-07-2025,www.xyz.com/ikhtc63,55b3db68-a184-45d1-b2c1-ed536aad5de7
01-07-2025,www.xyz.com/xcddb33,7c942473-7da1-4e60-9349-5475395ed71d
01-07-2025,www.xyz.com/ddtjy5,653bcd60-4bb9-46a6-a87b-87c3969c9593
01-07-2025,www.xyz.com/fwyem100,1c47a16c-d8e4-4ec1-a6ab-c53310ce33eb
01-07-2025,www.xyz.com/drcfq29,d0fd77f2-2064-40cb-9a02-e6f5c1d844b4
01-07-2025,www.xyz.com/nhcbu59,1d3cfbb6-6fe5-4152-8144-1d1086635ca0
01-07-2025,www.xyz.com/lfzyk36,8bc5efcf-ba82-4676-a351-5676840165c3
01-07-2025,www.xyz.com/yzcqa45,d8174934-985f-4074-acf8-80d5600a25b4
01-07-2025,www.xyz.com/qsmxw80,cdb2c09a-cd9c-4db3-a539-bfb57c6b5179
01-07-2025,www.xyz.com/rwdas47,013757a9-4bfd-439c-a5bd-7194ecfa1271
01-07-2025,www.xyz.com/ujfja44,39f92848-d936-4a95-b375-21a1b17f5ab3
01-07-2025,www.xyz.com/pfgwn30,ba9dca59-12ae-46fb-9d7a-23ae7a03f315
01-07-2025,www.xyz.com/bwirr35,ede52fdd-5d1b-4f70-8ba6-b22aeac7f626
01-07-2025,www.xyz.com/drapk15,ac29e61d-bc54-4fd5-be1d-9d2b9cbb1c8e
01-07-2025,www.xyz.com/qvezf31,a106fd0a-99bc-496f-b073-f05dffa57f10
01-07-2025,www.xyz.com/szzqv56,3ba3b444-d830-44df-bc2d-660e795dc72c
01-07-2025,www.xyz.com/oxsas7,f2481e10-7959-4bf1-b79d-889b39883de5
01-07-2025,www.xyz.com/amgnp78,3f6f7b84-431c-4fe7-93f3-728e136545e1
01-07-2025,www.xyz.com/kosjw57,32f92227-3945-445b-894a-0f9b3434277a
01-07-2025,www.xyz.com/ytkgy47,96e4e79e-ae1d-4d76-bde8-2e4d1a39f529
01-07-2025,www.xyz.com/nkqef2,4e7c0e0a-2e88-46fb-9b4a-b2b4a8f12b6c
01-07-2025,www.xyz.com/rcuhm57,8b161a8e-02fd-42d4-bd97-af86f53c60e4
01-07-2025,www.xyz.com/ekgus98,99557d4f-bb26-47a3-90b6-c3fd73197d3a
01-07-2025,www.xyz.com/tyiwb1,38755732-247d-45d6-832b-62ebc3f4a1b4
01-07-2025,www.xyz.com/auhjh22,0d608672-33e0-4a5a-abe8-240e5f2b1583
01-07-2025,www.xyz.com/sxogl10,35b24bb8-1655-439b-8614-761858bf23da
01-07-2025,www.xyz.com/rndhr6,7b492923-0276-478b-846c-2d6b771ac89c
01-07-2025,www.xyz.com/ibhmw56,a1de9797-86d6-4f2d-b4ec-0ba08978929b
01-07-2025,www.xyz.com/qofxe30,9689c9bd-bda8-4f59-86f2-6767c6d59567
01-07-2025,www.xyz.com/vqjyj85,8874a123-f6e2-4b9a-b885-42d3b6272989
01-07-2025,www.xyz.com/rfjgn9,2a398af4-a4b0-4abb-bad5-0f1f823fa359
01-07-2025,www.xyz.com/wqqpy87,c4abaa3d-3633-410c-a574-d495df065d1c
01-07-2025,www.xyz.com/ygmce54,5fa1f023-c16e-47c4-879d-657e37da3588
01-07-2025,www.xyz.com/hexey100,220c4d01-f6a9-45cb-8bf2-450f84e558a5
01-07-2025,www.xyz.com/vhumu55,180df024-25fc-4c86-a078-78842a43bfa3
01-07-2025,www.xyz.com/udshd29,01d97f68-a30e-4195-b088-d1d8ca95df39
01-07-2025,www.xyz.com/czgqu48,2264d2c8-3e2c-4639-8afb-8881aa12394c
01-07-2025,www.xyz.com/dqaex79,d63c7cc9-160a-4e00-b9fd-830823686cc5
01-07-2025,www.xyz.com/wxgwv7,216c1149-1a1c-4cfd-831e-009b3cd9d662
01-07-2025,www.xyz.com/rzobn82,4f143775-d096-4e32-aa5b-4b888abe0787
01-07-2025,www.xyz.com/nfukj99,5dd0d451-336c-45c3-9b9b-2dc01e0fe6f8
01-07-2025,www.xyz.com/mualn18,014fa6de-af98-4eca-a642-8a64107e233e
01-07-2025,www.xyz.com/yvqfm74,e9692943-c70a-4f36-9cdf-23492eadee55
01-07-2025,www.xyz.com/akgcb98,e9f8aed5-e504-44e6-9e3a-6ca9eb90e16c
01-07-2025,www.xyz.com/gcrnh86,4298fc43-ef5f-4fc9-904a-f4311ff0953b
01-07-2025,www.xyz.com/nenxh96,f7e66230-2855-404d-867a-5bd68b0b323e
01-07-2025,www.xyz.com/kongd63,b95c02b2-de50-480f-9a94-52e8fabc76c8
01-07-2025,www.xyz.com/sgttm78,9fae45d4-d18a-460b-bd86-d92fca35a169
01-07-2025,www.xyz.com/aunxv37,022dbfc4-218a-4178-b1a8-901826a479e2
01-07-2025,www.xyz.com/pouoi13,a9275cdf-e0fc-4da7-8ea0-0d4c494b5e4b
01-07-2025,www.xyz.com/yetlc70,a172eb0f-7bde-47e7-a980-e420f99138e2
01-07-2025,www.xyz.com/ksglv7,d955d921-542c-4967-ae92-766ee845dc44
01-07-2025,www.xyz.com/wjsro60,7ae3b4c1-1da6-45c5-b55e-19da49d35188
01-07-2025,www.xyz.com/wxdvh39,e8619ef4-3d11-4091-97ba-0d9809b27fa6
01-07-2025,www.xyz.com/fipfe62,9954a5d0-bf8a-40a3-9523-b45fdd50ca7e
01-07-2025,www.xyz.com/uqjyy89,e317f07d-2699-4477-b017-2410a5ae7354
01-07-2025,www.xyz.com/mddzq22,36cb4265-e690-4b30-a3fb-81a0c38d0a93
01-07-2025,www.xyz.com/poida100,b6f18528-72a1-4298-a960-7db31eaaad3c
01-07-2025,www.xyz.com/jwgta71,ca13a74f-252f-4422-a809-d88961825221
01-07-2025,www.xyz.com/yfdcu73,7208802d-3585-403d-8a68-9e2888d22dd3
01-07-2025,www.xyz.com/nopeh24,ff54a47f-7c17-457b-ae63-25e1884cbf2f
01-07-2025,www.xyz.com/lmtmc71,0c528055-86a4-4df4-b490-6cd7047f280e
01-07-2025,www.xyz.com/wcdaj64,47ea233b-f7ef-4b45-a798-919ebd8ef3b7
01-07-2025,www.xyz.com/qbgah92,8f3905d3-fc66-41a2-beb1-6d9014bcf743
01-07-2025,www.xyz.com/wscxp75,071495a3-6262-4b86-9dca-aef96b61584f
01-07-2025,www.xyz.com/ledzx15,7e045d75-68f0-40bf-a87b-92ccb89b4d47
01-07-2025,www.xyz.com/kfino5,3a79157c-d8f5-4495-8cb9-95237b0ebbd5
01-07-2025,www.xyz.com/fnocb100,89d97969-884b-41bf-b84e-9f24ab75c614
01-07-2025,www.xyz.com/gankj60,384c2a53-b376-46b5-9a63-a3d28ef1b6db
01-07-2025,www.xyz.com/xgvdp20,ad647116-06c8-4897-a32c-98f3d42992e3
01-07-2025,www.xyz.com/valzh39,dc498844-f9f1-4fbf-b994-343a75904744
01-07-2025,www.xyz.com/watlp7,5b0fe971-16e0-4173-9c8b-f69e781c5f0b
01-07-2025,www.xyz.com/ggmui56,f816a098-ea9a-491c-a65f-561dfd98869d
01-07-2025,www.xyz.com/asxdh68,befea97d-bd14-47e5-a5b0-2780ac3d13b1
01-07-2025,www.xyz.com/ejfnl93,63421d92-553e-4bab-bdde-82eef9eef2ca
01-07-2025,www.xyz.com/zlhis1,329eb1c6-2d6a-41fe-9a06-8b2d39cb4627
01-07-2025,www.xyz.com/lapak29,0a529d40-b3b0-41d4-84c7-173080449bf8
01-07-2025,www.xyz.com/ytsey23,5516a46f-2cfa-4d37-9642-424d52ff45c0
01-07-2025,www.xyz.com/fdjqt71,800672e2-37f3-42bf-9c6b-2febf09e75ed
01-07-2025,www.xyz.com/jezmj21,4fbcbd6c-a49c-46a9-8642-649682387f03
01-07-2025,www.xyz.com/larzh98,e8083530-27da-490a-bf7d-54b04163fd6e
01-07-2025,www.xyz.com/drhrc54,f0b0f91a-bc4f-4c55-94d2-96733b58216f
01-07-2025,www.xyz.com/dhbir62,b868a5eb-113f-4db6-a3fb-3e63ce7b4fdf
01-07-2025,www.xyz.com/ehyfg23,b517a2b3-3c6b-4451-a4ed-7d015536a73b
01-07-2025,www.xyz.com/rjzef24,5835dff6-ccf3-47d9-84c8-7d67927da407
01-07-2025,www.xyz.com/nwdyp17,3e319a1a-24df-44b6-b085-89edb4b15fb0
01-07-2025,www.xyz.com/bvcua6,787146cd-aa82-4af8-8a2a-07719cdd494e
01-07-2025,www.xyz.com/fuctx52,a09b39b1-74b3-4737-b086-302e38d7fd39
01-07-2025,www.xyz.com/gglwo7,9974b8c4-898b-4c01-9651-c013512b32ee
01-07-2025,www.xyz.com/rxrzg23,166c288d-5410-4957-a974-6742922aca36
01-07-2025,www.xyz.com/fmexr36,435b88a9-ab69-4c04-ba95-ab15ee401920
01-07-2025,www.xyz.com/jptdy96,73fb99c9-4a72-499b-a938-030d42b3401e
01-07-2025,www.xyz.com/rfwzs39,3a601873-9f96-4af7-926e-1b440a785fce
01-07-2025,www.xyz.com/lhdkk15,90428e6b-299b-44e0-8fb6-2ca227de99d3
01-07-2025,www.xyz.com/ryewb36,1734b5a8-1b9d-4bd8-9aef-9471e3519754
01-07-2025,www.xyz.com/bbada25,7b35e660-e20b-4238-887f-4de0271a459e
01-07-2025,www.xyz.com/hffcf10,a4c8cd1e-e05e-49c1-9478-1d0cdfe27bb4
01-07-2025,www.xyz.com/ybxfh44,e90e3109-e373-4718-a27c-466647865eb9
01-07-2025,www.xyz.com/mqsxd67,c18364f6-fa77-4658-ab4c-a5a07513091e
01-07-2025,www.xyz.com/vnsmo36,6ba1b92c-f783-4509-bcb8-d5345cf40392
01-07-2025,www.xyz.com/ulivs71,a81b7c67-9ff3-4722-9248-55a6fac2e035
01-07-2025,www.xyz.com/ndeoi59,f6870a4e-813d-4400-9e6c-0903b706c5ee
01-07-2025,www.xyz.com/vmvxw84,f23eaab0-cf52-4328-a432-3ff17a92d32a
01-07-2025,www.xyz.com/kedck80,3e9c673a-2729-470f-ad0d-e547b6767f3a
01-07-2025,www.xyz.com/pkhnf95,f3b21d37-f45f-4e6d-9d9c-d2772c93f6c2
01-07-2025,www.xyz.com/qnayc51,fe0de5ac-921b-4957-97e2-d6cef0a1ed01
01-07-2025,www.xyz.com/emdfl42,ff756ff4-856b-4d5c-9bef-2b84d1f869e3
01-07-2025,www.xyz.com/vucmj93,95c3bf2b-7e85-42c1-a1c9-446cd92b2aab
01-07-2025,www.xyz.com/nsxzg75,839987ec-1d6a-402b-aed5-ed9305a325b6
01-07-2025,www.xyz.com/zmyos16,2f71ffa4-7d3b-4107-96b5-825031d9f49f
01-07-2025,www.xyz.com/hdpah56,b74b140e-d182-4b51-aadd-9f5dfd4ea7e3
01-07-2025,www.xyz.com/gokun39,f05b0517-c5a1-437d-b022-64bb6294c476
01-07-2025,www.xyz.com/kfdvn62,a930def5-db25-4eea-9281-e18c3c2e1910
01-07-2025,www.xyz.com/vnnrf91,db29b52c-0a0b-428f-a5ea-9470731a46a4
01-07-2025,www.xyz.com/gdktg72,28a13d03-827f-4585-8bf2-db161b1f4ed0
01-07-2025,www.xyz.com/ohitx94,b4dd5d9d-f873-47b0-9f0d-3febcfcef439
01-07-2025,www.xyz.com/ogvnb46,2a8f6880-86d9-44c8-bb42-2e9b75d29dd0
01-07-2025,www.xyz.com/ompkn1,0a197953-9038-463f-bed2-2da71cb72bc7
01-07-2025,www.xyz.com/mgvgs17,4df091f8-0b23-4fc2-ae6a-fca292e10b42
01-07-2025,www.xyz.com/cdmav2,85fbfcbf-e67a-4d81-865d-26b99d207678
01-07-2025,www.xyz.com/lfuou21,eb199025-8c0c-48a7-9fcb-9bfb8dd6c7bb
01-07-2025,www.xyz.com/dfefq39,d6fd13cd-504b-49d3-a860-16cf361acef8
01-07-2025,www.xyz.com/yhqpw64,4c2ecba1-d0e8-4ea5-a1b5-9c40f0d49d17
01-07-2025,www.xyz.com/uqmqv71,bd298e00-af24-43b5-952e-0606e5267fba
01-07-2025,www.xyz.com/hrmvp5,f47b456e-ad6f-47fe-8cb6-eac54465095a
01-07-2025,www.xyz.com/exnho11,ae097108-b704-4743-8af2-ca2c05829169
01-07-2025,www.xyz.com/gvqgk22,2f4ae1df-61fd-4e31-933d-824c77cc17b3
01-07-2025,www.xyz.com/qbmta61,c261c651-4e67-4951-acfa-4c16a5fe410b
01-07-2025,www.xyz.com/zfima10,659e9074-976d-4452-aeb9-006f8a5b5538
01-07-2025,www.xyz.com/gytwb18,f0faaff5-4933-4ec7-8e95-f82414b76997
01-07-2025,www.xyz.com/xbtoj54,8f359811-b847-4497-8717-98fe7f2d023e
01-07-2025,www.xyz.com/jleyo10,f1ecec5e-92ab-4eb3-8724-952eb6dbccf1
01-07-2025,www.xyz.com/omjqv86,15125cda-3db4-4dd4-b1b9-3ea32000022e
01-07-2025,www.xyz.com/kvdyu51,b707b43f-f21e-4f24-b0bc-f8bc57879f7a
01-07-2025,www.xyz.com/naayn95,6a69979e-3f4f-4edb-9699-58139cf74a3d
01-07-2025,www.xyz.com/hiuja22,139d7c3b-b69d-4bc4-bf05-a1128081477a
01-07-2025,www.xyz.com/vypeh54,bf4bed40-da85-43f3-8eef-e5d45cdaf30c
01-07-2025,www.xyz.com/hifcq79,48fde6ec-1c04-4878-9254-d984d1189182
01-07-2025,www.xyz.com/xggih37,0bb202c7-4dea-4330-974b-22fd0c2a7d57
01-07-2025,www.xyz.com/kmczf31,23071c10-6293-4ff9-a5f9-f79e89a1a271
01-07-2025,www.xyz.com/srgeq7,5d65decd-c895-4f80-a080-1907756585f7
01-07-2025,www.xyz.com/oirqf11,970a9de9-3262-45aa-a728-218dea722d8d
01-07-2025,www.xyz.com/zggvi71,dead0974-c503-47c4-a8f9-ce1bd3d4f215
01-07-2025,www.xyz.com/hgfai26,eb1cf66e-de07-4aeb-bfa5-f0c5a2b3160b
01-07-2025,www.xyz.com/rsyub47,df817b7e-fbf5-4d48-ac30-b7bc40538714
01-07-2025,www.xyz.com/dylrp21,2d85f293-4816-40fe-ac42-7c0f3ea75b48
01-07-2025,www.xyz.com/nchnb61,2307b5b8-81b7-4d15-8d6b-b028b73b5706
01-07-2025,www.xyz.com/ukloq10,ef2466a0-3f3a-481f-904f-229e13c4dd56
01-07-2025,www.xyz.com/rhicr90,3cd0d1cd-b085-458b-a55c-62c33625bbeb
01-07-2025,www.xyz.com/ejufv21,f903ee7c-f2eb-4e13-af0e-705259cbc048
01-07-2025,www.xyz.com/ydtoi19,28aaea85-67f9-4918-a47c-a6cc435f514d
01-07-2025,www.xyz.com/dzmxb57,a0917d2e-41e1-4989-86f1-b0b26e6cdce3
01-07-2025,www.xyz.com/mibjv46,7b05de67-cc30-496b-b8fe-077744921d22
01-07-2025,www.xyz.com/pbzjv49,400bfdf3-5897-4f0e-9281-35d89854de49
01-07-2025,www.xyz.com/ggubf56,edde948c-fd73-46c2-bc4d-252b1c85c378
01-07-2025,www.xyz.com/mvwnl56,0ff9dc28-c9e4-482c-a6f8-f1b2a51f7f69
01-07-2025,www.xyz.com/jnoqg93,cf99a278-cdb2-401c-9534-5c17a9ccd764
01-07-2025,www.xyz.com/vttdq50,2942b887-3367-4477-9c73-82f838ab58d5
01-07-2025,www.xyz.com/fplck49,89e9a657-472c-4354-8630-ef1ca0e68028
01-07-2025,www.xyz.com/ndaae97,463e94c8-de79-40bb-a270-0660593f6673
01-07-2025,www.xyz.com/drwpr63,71b0e05a-20a3-4272-add0-86a10308d8b2
01-07-2025,www.xyz.com/buuec97,fb4c0dce-4901-4cc1-9052-245dfb82a6d1
01-07-2025,www.xyz.com/sfkzi40,a03bd601-5fd0-4e96-a6a6-67a2d2d870c8
01-07-2025,www.xyz.com/chcjh47,2bf8299e-56f7-467d-8b8c-2e210f5fd958
01-07-2025,www.xyz.com/oiotc58,efe39add-e7b8-4908-8315-49e9738c80aa
01-07-2025,www.xyz.com/szjes28,d8ef626b-6272-4370-b2b8-318c5e9e1820
01-07-2025,www.xyz.com/oqukh8,529be714-ed36-48b2-a780-26f6077fb877
01-07-2025,www.xyz.com/ixryh85,3ae15435-8e9d-4515-841f-385925eb61e8
01-07-2025,www.xyz.com/ixlry100,0cd119f3-bca6-4d71-ae4c-3bcb071159c6
01-07-2025,www.xyz.com/ebisd17,8b1b1456-f6c5-4edf-9edd-86fa213875af
01-07-2025,www.xyz.com/xipob25,0be42c1c-96ac-40f0-ae1e-857ff92cdde6
01-07-2025,www.xyz.com/akdvq44,7ca5058c-b11e-453f-b0d7-d1c280a728ab
01-07-2025,www.xyz.com/agegz77,c44d5857-779e-4afa-97ab-162223d49353
01-07-2025,www.xyz.com/ukokb56,b101bd14-f8cf-42bd-9c71-814fcc51dbac
01-07-2025,www.xyz.com/vwups24,dd1b885b-db2f-4e6d-8387-b9cdfbc29b47
01-07-2025,www.xyz.com/kokqm19,35771f65-5fa3-4758-b8a3-d719497df81e
01-07-2025,www.xyz.com/ylqth30,4f5464f4-ff20-4a7e-a7bf-f91c0f1ead11
01-07-2025,www.xyz.com/qurxl9,8668cd72-1ae7-4213-8566-e5c4da2dbc36
01-07-2025,www.xyz.com/amxeo68,cf7ab33a-b3c0-4ce3-9438-1051ceef44ba
01-07-2025,www.xyz.com/npqgj33,8f6eabb9-6384-4064-98fc-6dc812c8796e
01-07-2025,www.xyz.com/tszfa66,4eeddd52-b930-4e06-840d-87afd01387ac
01-07-2025,www.xyz.com/seqov10,c22d52a5-4c74-4a9e-a3d2-c0d319f9b935
01-07-2025,www.xyz.com/hpnlv58,86dbb64b-b5ab-465d-808d-9e5de3e09d2e
01-07-2025,www.xyz.com/ldcsm6,a15ef9df-9fe4-4a40-9260-7795352fc6f9
01-07-2025,www.xyz.com/gfcwk21,9077d960-1f6a-4f1e-a4ab-ec9c558fb03e
01-07-2025,www.xyz.com/kznlp67,06f0987b-488a-4aa2-a94d-83472cfc0604
01-07-2025,www.xyz.com/mwqcv19,e7965165-4c17-414a-a1e1-7c6bf6840d3f
01-07-2025,www.xyz.com/kqblq62,c59820b9-3868-4bc9-bb5d-0281dad0e684
01-07-2025,www.xyz.com/tmvhl23,c47cb846-961d-4c5c-a521-2e35cede6735
01-07-2025,www.xyz.com/fienq10,52469d5a-1be1-470f-898d-7b3487385f49
01-07-2025,www.xyz.com/slpbl7,9d5036f6-8e57-4622-93e5-38f08dc6e28c
01-07-2025,www.xyz.com/nriyx23,3c200d2c-1834-4409-b6c3-02aa7465a28f
01-07-2025,www.xyz.com/gxile88,8bad9d82-bc1a-430d-9e0e-408d1f783066
01-07-2025,www.xyz.com/iqdum70,36a0fd4f-0288-43e9-b994-47fa71823abd
01-07-2025,www.xyz.com/irhpz77,241cff1c-ec06-4afc-833b-b2bf10f7785f
01-07-2025,www.xyz.com/ypmye20,8cce565c-aa81-4261-8403-e1964bcf51bd
01-07-2025,www.xyz.com/hdfhv73,7dbce3da-4747-42ab-8503-adccd371e2ca
01-07-2025,www.xyz.com/bcpkv50,8389dea4-d3d5-42ae-8e65-22ae6e5f9dc6
01-07-2025,www.xyz.com/ardnv26,a105223a-803d-4888-a070-481bd4c6f4d5
01-07-2025,www.xyz.com/wqgal57,3713e5ae-2f25-4747-84f9-87971f2d0fe1
01-07-2025,www.xyz.com/glvtf32,0630b480-c6c1-4ade-a647-568023fbdb58
01-07-2025,www.xyz.com/qjnkz65,183e399e-d7af-4aff-8402-285ecf529a59
01-07-2025,www.xyz.com/oojom50,74bed917-b261-4561-968e-6ac698f6ea75
01-07-2025,www.xyz.com/rmqwr14,f068b873-773e-4ef8-9027-f5986aeda5f8
01-07-2025,www.xyz.com/tvlmm33,00fb3ec6-37b6-43be-a00a-e539d04ef59b
01-07-2025,www.xyz.com/ufgjm31,204270c8-631c-49b8-8ab9-c05b9d4c5424
01-07-2025,www.xyz.com/xipyn23,ddcd2b9c-a960-4ce9-ad21-5fb53a932178
01-07-2025,www.xyz.com/rgdfm86,9dbde623-ccce-4247-921d-c79bcc4d9174
01-07-2025,www.xyz.com/tfdio56,b1851bc8-602b-4c77-91be-dc5be0d31a29
01-07-2025,www.xyz.com/ngyfh60,f1a3f9a4-0a5b-4155-aa23-cd15ab34b871
01-07-2025,www.xyz.com/pfedn25,68336341-afb2-45f2-a469-2befec663c3a
01-07-2025,www.xyz.com/otwlo23,aa0dd0bb-dcd6-4a10-94e4-6dc10d0aa2e8
01-07-2025,www.xyz.com/djqez68,a0e2a287-8a00-4c88-92ff-22041b95f62d
01-07-2025,www.xyz.com/jsshh2,8ddf342b-b8ba-4110-975d-c35d20790235
01-07-2025,www.xyz.com/lpvbl89,4b6249f4-c168-496c-bbc6-338c848e1d85
01-07-2025,www.xyz.com/knlfl76,93011461-66e4-4116-95b3-877e4101e408
01-07-2025,www.xyz.com/odunm78,796e2c17-6524-402a-9e83-b911d0c02bdc
01-07-2025,www.xyz.com/jmhfk13,b824a76c-97a8-4265-9166-2321227e808d
01-07-2025,www.xyz.com/zjzvu13,7fd5d238-ab59-4fdf-81af-dac614bda94c
01-07-2025,www.xyz.com/buyir94,ede10dec-112c-497b-99f9-affbb307f97e
01-07-2025,www.xyz.com/rfwkz96,fd4c8b55-7ddb-439b-875b-95fa48572a21
01-07-2025,www.xyz.com/zxpws43,0f912bdf-6e13-45fd-a1d4-da41c54908ff
01-07-2025,www.xyz.com/vosth76,76a65ffe-b03a-450c-83e0-676f314e5111
01-07-2025,www.xyz.com/dwquu21,9b3e322e-5bf2-459b-97fa-34d9d23747c6
01-07-2025,www.xyz.com/qryqe43,a48a961a-bfc1-4584-a8f2-08947aa85510
01-07-2025,www.xyz.com/zzfiu91,a1d8446f-1a68-4c0d-9788-2254fe803d56
01-07-2025,www.xyz.com/iwyez87,2d7a5bc0-46fe-4034-b7b9-7a8b488c3939
01-07-2025,www.xyz.com/pinwq92,2037cb2d-4a9b-4d8a-88ad-645c21d3bd67
01-07-2025,www.xyz.com/tpwwc34,25fbb934-24f7-430f-9209-087f544bb47e
01-07-2025,www.xyz.com/gtlyh2,03d834af-1efc-47ea-a842-6da4f6a20be3
01-07-2025,www.xyz.com/uqrup98,b46d3a41-850d-4331-b185-e85228977a59
01-07-2025,www.xyz.com/iwhpp34,29558ac5-fb37-4c43-a3e8-e39999f2662d
01-07-2025,www.xyz.com/zagts48,d3102c7f-244a-4778-b0e0-5d49cec89fc1
01-07-2025,www.xyz.com/hmzkm81,defdcd5d-0d7a-4b83-9196-660a1d49fcf8
01-07-2025,www.xyz.com/gexgm89,858eeaf6-8ceb-40e4-9f53-b5c38c47a70f
01-07-2025,www.xyz.com/tvrll9,8be44ff7-48e2-4a37-b53c-3bb493ec496e
01-07-2025,www.xyz.com/btmrm43,7c82efb8-12fe-45fd-b3b4-e5c77237b507
01-07-2025,www.xyz.com/rfbld87,63eb84da-e500-4af7-bd76-2a7d802bc0f0
01-07-2025,www.xyz.com/zyuki7,4839fbc9-c20a-41b7-b230-7bfd12e101db
01-07-2025,www.xyz.com/keenp67,e6d904d6-ca14-4616-a85c-8584c08a001b
01-07-2025,www.xyz.com/igbsf34,d473f2c3-b7e3-44d8-ba5e-5feaf19784aa
01-07-2025,www.xyz.com/nueht91,7492d56a-c3a7-418f-adab-518404b43f5d
01-07-2025,www.xyz.com/nykzs73,c4809e22-a435-4203-92b6-55c79adca770
01-07-2025,www.xyz.com/fiusn50,37668549-f44a-45a5-a32c-98b9d044cacd
01-07-2025,www.xyz.com/jlgwn86,015aae34-da60-4d06-8f92-5feebeadb3a2
01-07-2025,www.xyz.com/kjkqq58,631c5ad9-5a2c-4503-8d01-849659efbcf0
01-07-2025,www.xyz.com/yycly1,f4a2ca67-a51b-4f44-9b53-5071d0f44cd2
01-07-2025,www.xyz.com/xlvdj45,b441720b-c109-4fe7-bf5a-f50300a2ac87
01-07-2025,www.xyz.com/zilce98,9d713bc7-c20c-4abd-9311-200f3c7eaf76
01-07-2025,www.xyz.com/xynbw65,eb24aa5f-8ca6-43b2-a6bc-0330517f96df
01-07-2025,www.xyz.com/bnwwp100,4fbb2ff5-4aa7-421b-a725-c483fe60c81b
01-07-2025,www.xyz.com/przas7,3916e6dd-b5da-4df7-9055-45428b84d3dc
01-07-2025,www.xyz.com/mejxf91,43c76bc3-79ff-49c4-ba13-0cc778c05637
01-07-2025,www.xyz.com/grwgz98,e52e4afe-2925-4653-8911-412878a8b79e
01-07-2025,www.xyz.com/uyuaj35,8cfaad8c-cd75-4705-bc94-506936b9a90b
01-07-2025,www.xyz.com/hkiqo10,ede3d6bc-052c-4578-870b-8e8b5aad7e60
01-07-2025,www.xyz.com/vfass83,adc5a5c7-7613-4932-a80e-fa5c2d641364
01-07-2025,www.xyz.com/hmbfy92,4b55d679-5b88-4714-9d8d-686d4f130405
01-07-2025,www.xyz.com/qlhoo59,ba09fded-3284-42b5-ae1a-680847b62d46
01-07-2025,www.xyz.com/owsjj58,6eca6051-b732-4afa-a6e3-6b90d92091b9
01-07-2025,www.xyz.com/huuma3,ceff9159-1bcf-4163-9aba-a40214d993fd
01-07-2025,www.xyz.com/jkvfq16,8a494177-188a-424f-ac78-fb39a31f8a67
01-07-2025,www.xyz.com/xywwz1,03fc86ff-231f-4e59-8244-0ff2bd5dfc9d
01-07-2025,www.xyz.com/fynsg40,40762c3c-2a4f-40c9-b815-ebc3b504b262
01-07-2025,www.xyz.com/imvxb94,a9144a08-0cd5-4ff3-befc-ae0f687e407f
01-07-2025,www.xyz.com/owwlf78,57f2c112-70e1-4490-887e-95e5728dfdb4
01-07-2025,www.xyz.com/bvcen4,0f4bfa14-25a6-4b07-ba21-ad95fa9e83ca
01-07-2025,www.xyz.com/ttxkn2,87b6c218-68ac-4537-95d1-8e3443624cca
01-07-2025,www.xyz.com/ocpxa71,d17e7b35-5839-4722-9539-2a2d1dc78061
01-07-2025,www.xyz.com/cmqwr20,aea32f65-a631-47da-819c-be43da0148ba
01-07-2025,www.xyz.com/rnzxz30,2c554ad4-cae6-42b5-a1a9-56ec829c9e20
01-07-2025,www.xyz.com/qafqf100,d6170089-57c8-4faf-bb09-0ea3324b1548
01-07-2025,www.xyz.com/miwkz33,360b2d0b-6cc5-4368-a7c6-d158bbff950a
01-07-2025,www.xyz.com/cqrxf2,772c1db4-b073-4a7b-901d-8a3d40e81d87
01-07-2025,www.xyz.com/nunrw53,bbf5e1c6-0edb-4d37-aa9d-a8b3232835f1
01-07-2025,www.xyz.com/fnrrn57,e7515c7a-3179-4ae1-ad02-281b05586397
01-07-2025,www.xyz.com/gwjyf66,847ceb87-f9b8-44d2-81df-aca2fbd4de3d
01-07-2025,www.xyz.com/dkbmn51,1c1a2f2b-9de8-439a-961d-578466faf9c1
01-07-2025,www.xyz.com/aeeco37,ac7c7f51-98b7-47dc-8843-0774d2b94e2b
01-07-2025,www.xyz.com/pddng23,8547f88f-b546-4886-a238-3410e26bf4ac
01-07-2025,www.xyz.com/vgoqc44,a9a5ea0f-2c93-4e1b-b2d2-0438b3752f4f
01-07-2025,www.xyz.com/skofg47,2f2c5905-9f5c-4178-82e3-35fb297c5cba
01-07-2025,www.xyz.com/qxsqk18,74b1d790-eaa1-4f8d-b7f1-f11fbc63f99f
01-07-2025,www.xyz.com/htqkp44,6c6d4b20-c8c6-456f-9c2e-b21b0112f6f0
01-07-2025,www.xyz.com/ibsfr91,442eb5bc-77b2-4a11-99f9-d711a5eaacfc
01-07-2025,www.xyz.com/rubrv15,ac64c294-5077-4832-b091-53432b7797fa
01-07-2025,www.xyz.com/zzyxu83,0a7d8c62-e84c-4e92-ab33-e30a7b81ef74
01-07-2025,www.xyz.com/lyrsx23,0cdc075c-4582-4544-b9ac-925063ad6ad4
01-07-2025,www.xyz.com/ahhux59,f9e0399b-f68b-431e-adc9-55b1f16672f4
01-07-2025,www.xyz.com/lswnn92,5c564a48-b069-43ec-af4e-1b64dc69554c
01-07-2025,www.xyz.com/hetfx7,c55a1af5-3802-487f-9c24-45e99c8df549
01-07-2025,www.xyz.com/pnohd16,f8f025a3-0ea0-4e32-931a-756aa945c03e
01-07-2025,www.xyz.com/kovqq24,e16ffd64-f2f7-4f83-8008-062ca6080586
01-07-2025,www.xyz.com/dhxsu48,a3ba10cf-3018-41d4-9520-94afd09b1f38
01-07-2025,www.xyz.com/kemgp27,db034f89-53be-4d76-a704-22a4ebe6448e
01-07-2025,www.xyz.com/padqu57,7f687a49-93e8-4464-80cc-79f3202d37e6
01-07-2025,www.xyz.com/ryxky2,133f5845-7292-4edd-a855-8accb87c4c1f
01-07-2025,www.xyz.com/sgwte56,246a01db-6e79-4d4c-a753-b88bd62a2733
01-07-2025,www.xyz.com/kafrz100,a53fc5d7-a504-4034-8efd-2152f9bf94c5
01-07-2025,www.xyz.com/tdqoa57,32861227-594e-4cc3-a7b6-302a9c90382a
01-07-2025,www.xyz.com/okkdw14,4e42f137-84da-4c14-97ad-ca957e3f33b6
01-07-2025,www.xyz.com/jajnh38,ac5f0e5e-8c89-4798-aa78-15a8cc740d37
01-07-2025,www.xyz.com/mwlsf27,47745af8-743b-4a3d-b579-eef4b9a2fe66
01-07-2025,www.xyz.com/czviz5,0445877a-742c-4ca0-a2f8-b8b6f18bbcf0
01-07-2025,www.xyz.com/xemuq75,534f0c78-27bb-44d1-90a7-efd5e604e0fb
01-07-2025,www.xyz.com/jjkis6,7034f54d-b5d5-4629-9811-e46db678c912
01-07-2025,www.xyz.com/qtnho45,5d1940b6-7a78-49c4-b09a-a91d7041e4d2
01-07-2025,www.xyz.com/jceup99,1184d6b9-fe67-4a07-82b5-c65ebde48298
01-07-2025,www.xyz.com/yffxz25,c2da1424-498a-43b6-b0e0-a88812e850e8
01-07-2025,www.xyz.com/qubnh2,6450e63e-9bc4-4591-a601-f0ae6bbd7903
01-07-2025,www.xyz.com/qwdma37,d9bf6766-a846-45b5-8a88-65a016ec1cd7
01-07-2025,www.xyz.com/gejts75,253c542c-c24e-4f54-ac0a-4f46a7f49aa2
01-07-2025,www.xyz.com/ljbgp1,cc9032af-76e4-4d86-bda9-c2ef135a2f43
01-07-2025,www.xyz.com/uwygd33,a917439b-b6d6-4bce-836a-2c56d90c158a
01-07-2025,www.xyz.com/pocdo88,f3511a7d-b0e1-4fd3-a881-aa4abd35f028
01-07-2025,www.xyz.com/xurrl12,2d19969a-a35d-452c-b67c-bc44eccb46f9
01-07-2025,www.xyz.com/mdavv35,06ea20c8-23cc-420d-878e-72cbd15f8e69
01-07-2025,www.xyz.com/yqnhc90,edfc08cb-94f9-45a2-a3b4-4973764d85f4
01-07-2025,www.xyz.com/tjofw98,eac8b3cf-2e7e-4b77-beb5-8130896752ba
01-07-2025,www.xyz.com/oaodb56,9504adff-7d1a-4e27-99af-c8797f2f6397
01-07-2025,www.xyz.com/bowip53,6747d8ad-fa0c-4820-b184-842c03a7c2d5
01-07-2025,www.xyz.com/zdgjc74,2e9713d7-afb8-4d35-a177-29e8fdc31f58
01-07-2025,www.xyz.com/wdbkv99,fe3f6d02-bc8f-48c9-98fb-49c9ad559ec5
01-07-2025,www.xyz.com/fgyse32,7a9d73f9-1334-4b87-9b7c-42ea329741fb
01-07-2025,www.xyz.com/ozgwa72,d154c2f4-2420-4292-9ec8-ccce7fecc1b3
01-07-2025,www.xyz.com/iuevw88,d3df88b6-8f6b-4e69-b38f-66a9c6128b2e
01-07-2025,www.xyz.com/lcwba12,969ca86a-b25c-499b-b0c5-60f8b3b5c019
01-07-2025,www.xyz.com/knzkn77,abfea76d-4bbb-43dd-b98a-cb0f1b8952a7
01-07-2025,www.xyz.com/civvm12,0bb174e2-cccb-49af-a79d-3d0a00785494
01-07-2025,www.xyz.com/dctfi100,17d6944d-b656-4812-95ef-ecb0878eb1ab
01-07-2025,www.xyz.com/csups83,ebbc2833-fc20-4692-a0ef-f2c151149c4d
01-07-2025,www.xyz.com/cesqq27,27c26029-6b4a-48fa-99ec-b1a33e93560a
01-07-2025,www.xyz.com/izmfc30,fbb5776e-45cb-42aa-8881-7494f9b23bdc
01-07-2025,www.xyz.com/obnfl76,01b822c6-8a41-4fe3-ae4b-aa0d64006e97
01-07-2025,www.xyz.com/iznoc10,c670a87c-c7cf-42bf-a033-715246ebb0f1
01-07-2025,www.xyz.com/djsjd94,e470bae6-3f3e-44e0-ac9f-930be6b76351
01-07-2025,www.xyz.com/lprqu92,0c4243e5-db7a-418f-9946-a99f08edcb57
01-07-2025,www.xyz.com/fmldv23,46d6796e-71b8-4c76-8f59-76ee0067c139
01-07-2025,www.xyz.com/yjotx57,5dbd4bde-faf1-423c-8662-2dfaf1ef53a0
01-07-2025,www.xyz.com/jfsyc57,c8d086e1-bcf2-4bf1-8060-53f6d35058b4
01-07-2025,www.xyz.com/adexu23,9cce5908-6be0-4206-b3fd-4561f7a07b7e
01-07-2025,www.xyz.com/vwmty24,9504cbb0-9422-4d3d-aa0d-e7b81b343374
01-07-2025,www.xyz.com/iwomf45,f4f02e9d-d2dc-417c-8b67-303d4b7fe793
01-07-2025,www.xyz.com/qhflj26,17903c8b-18af-44be-a608-f71e8447ead4
01-07-2025,www.xyz.com/iszfe37,67bbe52b-7372-4d60-9c4f-7c8a92bf40c3
01-07-2025,www.xyz.com/soygo56,40717b11-a2dc-41ae-a1c9-d92364041670
01-07-2025,www.xyz.com/qihow60,d6d7f3ba-a12d-44d4-a231-2236f58fbb74
01-07-2025,www.xyz.com/opsuy18,19852041-2bdd-4bac-adb5-2f55990f45c8
01-07-2025,www.xyz.com/tphva24,47a48c27-0cbd-4f54-96b3-ec2728551023
01-07-2025,www.xyz.com/apznf50,df1d00cd-f0c7-421c-9630-67f5894ddb58
01-07-2025,www.xyz.com/nqeyt6,2b9e9cb5-9c6c-44f4-8a38-ba478503b4a6
01-07-2025,www.xyz.com/eysnc98,15f5039e-fbc5-4d56-978a-b275000616f8
01-07-2025,www.xyz.com/nalre28,97e561a8-23ee-42e5-a484-63144c68e465
01-07-2025,www.xyz.com/rgwed36,2c94bb0c-baed-407a-aaee-5f9dcea6abfb
01-07-2025,www.xyz.com/wzbfa3,6ef3a171-3436-4866-9f25-345a8a3d8c99
01-07-2025,www.xyz.com/vyoyi78,ff033abb-829b-4dcc-9eb3-6af959c8f438
01-07-2025,www.xyz.com/ekgjl65,41da68a1-ab80-49d5-afe8-3f13500aa835
01-07-2025,www.xyz.com/gmvqv74,2eea2c81-56b0-4d55-90b1-79583cf08a81
01-07-2025,www.xyz.com/vyopd42,d2377bdb-3340-4e00-96de-70b7de0e2d69
01-07-2025,www.xyz.com/zofop68,34c2f91c-68f8-4ed3-abc5-be3d8ca7637d
01-07-2025,www.xyz.com/ywwnd20,944b6e89-c2a1-429d-b1dd-c32c5b1fda63
01-07-2025,www.xyz.com/iiyat38,7a462c55-a369-4e85-b038-dce4d3c4fa5f
01-07-2025,www.xyz.com/xbeyg22,c0695d89-d2d0-4458-a31d-9f928fec2cb1
01-07-2025,www.xyz.com/njuse99,5d3655c7-5d3a-4a16-ba66-f338970283bf
01-07-2025,www.xyz.com/uublu100,7e2016fd-2299-4137-af72-063621e0f10c
01-07-2025,www.xyz.com/zzbuw75,c8237d3f-8051-41dc-ac14-49be30b0a049
01-07-2025,www.xyz.com/uqmfx45,a2410623-894c-4a1f-87b7-8757e48be10a
01-07-2025,www.xyz.com/ugzgl1,c2104a9e-b0f5-4b06-858c-c4121515d8ef
01-07-2025,www.xyz.com/avtaz96,1eab5400-1ba7-40ad-b314-bdcd76865e9b
01-07-2025,www.xyz.com/lvtlo99,bff3e300-05ec-4465-9010-a4988525d7a6
01-07-2025,www.xyz.com/bgpri74,73759832-14f6-401d-a4bf-f834fa069147
01-07-2025,www.xyz.com/hnnxl70,371c3855-214e-4783-ae9f-fe97782596a2
01-07-2025,www.xyz.com/kxkbb19,75419e4f-1b6a-45d5-8017-cb1517fd5bc8
01-07-2025,www.xyz.com/dpdtg20,cb9a56e5-a642-4d17-a680-65ae93321d9e
01-07-2025,www.xyz.com/gakyw4,a559463c-06fb-43a6-858c-dba58d3e7df6
01-07-2025,www.xyz.com/qqtxj65,66efc3b3-2e85-42ae-8ea0-ecf01f55ddf1
01-07-2025,www.xyz.com/khcaa3,4f85daf8-46b3-40c9-8ddf-e13ffd3a9425
01-07-2025,www.xyz.com/unocp63,cf42657c-3bcc-47a2-88ad-ef4141e3f083
01-07-2025,www.xyz.com/bhgwc49,2b785fba-cd30-4668-9b57-63f6d853908d
01-07-2025,www.xyz.com/tglzg60,b5ca1455-4121-4daa-b469-ab600729352d
01-07-2025,www.xyz.com/etetx58,e0e837f5-da2a-4054-b5ad-c268a35108e5
01-07-2025,www.xyz.com/miqgc34,35f93100-e5e1-49b3-8247-1fa385bfce67
01-07-2025,www.xyz.com/yjlnb22,f7e4ab79-fba1-4702-b627-f4187aea9db6
01-07-2025,www.xyz.com/ksnel26,9bf1e098-9534-4df9-bd8d-2aa941d5c147
01-07-2025,www.xyz.com/dwujt10,7cf80753-a876-421b-b9f1-a95453cd4ea0
01-07-2025,www.xyz.com/skyhk58,9af09a70-7363-476f-9b82-b33a25201539
01-07-2025,www.xyz.com/zfesl12,440f0e4c-ab5a-43aa-bd3d-39232f18612c
01-07-2025,www.xyz.com/xemap36,1b3c59ee-a614-4fa8-85a3-f677a588c980
01-07-2025,www.xyz.com/jzbph89,e5da3e34-2171-4d7d-8fcd-0435a8b7ef37
01-07-2025,www.xyz.com/fcpac50,422dfab0-95f9-41e9-af51-8e16422c04df
01-07-2025,www.xyz.com/uaiwn34,dc7ab16f-f7ce-4b36-b892-89471b8b71dc
01-07-2025,www.xyz.com/xfviv24,e27c6c94-6fb7-4fd1-a50d-95ef50070f43
01-07-2025,www.xyz.com/ztbts35,af40d12e-edd6-4201-8b5c-3b69f9530ec5
01-07-2025,www.xyz.com/debem26,515d7203-f028-424b-9450-407bfb8ce3a3
01-07-2025,www.xyz.com/jpprd73,71aa4bc5-f7b9-4538-a6c8-78c04be632c3
01-07-2025,www.xyz.com/xraxq47,4ac898ab-d7b5-4f3a-aa46-55c937def0ba
01-07-2025,www.xyz.com/ivkhg73,3d34fb18-0d81-49d4-b291-1c1163b677a3
01-07-2025,www.xyz.com/xsgfv43,2a2dbf8e-2359-421f-b315-519614eec437
01-07-2025,www.xyz.com/jqgld5,103a6fa3-3a85-4036-be1d-b0cd14b0ff10
01-07-2025,www.xyz.com/ojzrh36,3298421e-2bbd-46d1-8cd2-c3af961c1764
01-07-2025,www.xyz.com/nxhgo99,f89c9561-b8af-452b-a029-a2c5a80b0c0d
01-07-2025,www.xyz.com/wwieq43,350bc6c8-a56d-4a33-89da-33222712c76c
01-07-2025,www.xyz.com/ktled35,9b9f48c0-4cf8-44a8-8a73-1d6ae23170e6
01-07-2025,www.xyz.com/xvfis47,36e717d2-3c4a-42eb-af08-438734712b9c
01-07-2025,www.xyz.com/zwswu19,3bdb49a5-4050-44e9-8341-b89dc374dd83
01-07-2025,www.xyz.com/ilmqu100,3cd0b2da-130f-41cb-94b2-11101f59f61c
01-07-2025,www.xyz.com/rgbqi26,646b0ecd-cfb1-4b7a-a913-4556016a3b80
01-07-2025,www.xyz.com/izfpv8,c533012e-f992-410d-9666-9a8024e0884e
01-07-2025,www.xyz.com/aevoy87,eb8c07bd-2a90-4843-84b5-4a06165d3a68
01-07-2025,www.xyz.com/vouwb77,2378154f-35f1-4d29-80c3-8f3fdae4cbef
01-07-2025,www.xyz.com/zgbme80,98071bc6-3763-40f7-b29f-531f82ce080e
01-07-2025,www.xyz.com/smsfh34,5609db88-8b64-4ca3-88e3-e0acf15cf1ab
01-07-2025,www.xyz.com/nkvlb18,733f85a5-f86e-4af2-9ea6-44cb6021f471
01-07-2025,www.xyz.com/lgekc13,632cadca-973f-4079-a8c0-5a72c28a337a
01-07-2025,www.xyz.com/ctceu78,7a4046ee-a635-4794-9120-0fecb730b56f
01-07-2025,www.xyz.com/kitiz48,ce9635c9-a82d-4d65-be4a-746866d379a5
01-07-2025,www.xyz.com/qkbfa61,7d992231-ccf3-461e-a17b-53eaca4a67f6
01-07-2025,www.xyz.com/tbqhu41,8faa98bb-81d4-4550-9c1b-4f30d340588c
01-07-2025,www.xyz.com/kivur1,1060defb-b913-4ccc-b97c-8e0a84987c6b
01-07-2025,www.xyz.com/bfzbb59,a026ff5b-b238-409c-9161-5331fdb1496e
01-07-2025,www.xyz.com/fixji98,6f1904c9-041e-4288-bf39-40af63d56e69
01-07-2025,www.xyz.com/kwhoa53,0242c22a-48b7-4b98-84fa-40b930b28cfc
01-07-2025,www.xyz.com/huies60,33b6ecb8-6445-4835-a6f2-353926d55b92
01-07-2025,www.xyz.com/lugwk53,8f292664-be7f-467f-b084-3ecf81277821
01-07-2025,www.xyz.com/sfmxp34,641c8152-efb3-4100-acb7-c918d090677e
01-07-2025,www.xyz.com/inmwk19,b0322a31-f754-4003-93f4-64654f5e4a66
01-07-2025,www.xyz.com/dahba41,8e2ee57d-eed7-47a0-a4cb-6b802f3c647f
01-07-2025,www.xyz.com/iavtm7,d3ed282e-5a77-481c-8a42-5aa513d1dca4
01-07-2025,www.xyz.com/oiplo31,6ba488b8-0c70-4cc5-9b7e-a9ce516c89e0
01-07-2025,www.xyz.com/axekx15,03d33771-ed2a-4960-9f39-47cc14f1bfa3
01-07-2025,www.xyz.com/yadyu77,e29fdcec-4313-4d67-be8c-bafe9d87a164
01-07-2025,www.xyz.com/zfxwd74,8d6cd987-4544-4930-9215-438f0328c66c
01-07-2025,www.xyz.com/fmflh65,e0c52922-7dee-4f94-8ca0-7c4051a56a28
01-07-2025,www.xyz.com/dxzec46,a123ca5a-7c01-4adb-85a0-7d2ef11ccf4d
01-07-2025,www.xyz.com/njvmc96,f7d66200-baf9-41e7-9dab-2a3a67f8f2d4
01-07-2025,www.xyz.com/lxlnm59,9904e869-6892-446b-bb78-5964d7f9a719
01-07-2025,www.xyz.com/xjdsx7,89d64164-e764-4183-98e3-24e78dc7c0e6
01-07-2025,www.xyz.com/xjizp98,9dff10f3-a55e-4f55-8194-c307b9f556c6
01-07-2025,www.xyz.com/lnhnb43,8bb8c708-3a9d-40ed-beaa-38fbb1a173e5
01-07-2025,www.xyz.com/ejkbw59,d814f3f4-d5ba-4834-beae-b4c9bb4a805c
01-07-2025,www.xyz.com/shkqa23,f55bc959-f092-43a7-b51c-e0751bfccf89
01-07-2025,www.xyz.com/baink64,82fa7ebe-0a7d-4823-b0b4-4a4c3c4c1938
01-07-2025,www.xyz.com/jjywj19,cac7fc60-3d72-4c52-bcf8-04ef4b0287ea
01-07-2025,www.xyz.com/ahotc27,3a33ab3b-702c-4096-a7b5-8ef0ad8caf17
01-07-2025,www.xyz.com/bqnza9,8c949734-87cb-44df-afbd-b7deb5691433
01-07-2025,www.xyz.com/aqtud64,3a33a1b1-b55d-40e0-bd5f-cdff9a81311b
01-07-2025,www.xyz.com/ghxds15,7d9e6feb-9dac-4ca6-ad00-f5e7a75f5777
01-07-2025,www.xyz.com/esxze21,afff4fc7-27e6-4d6f-ace2-b7934bc9586a
01-07-2025,www.xyz.com/fdtqv58,18d9659e-232d-4a00-bdfc-d48e037b1abd
01-07-2025,www.xyz.com/nsqto26,004b19d1-5294-454a-8810-e837679342df
01-07-2025,www.xyz.com/osarl47,bbd75ccd-80f7-460f-a53e-ebb59c7e73d9
01-07-2025,www.xyz.com/poixt75,7078709b-da17-440f-8595-2928568b2c37
01-07-2025,www.xyz.com/yvyes86,86a23687-2407-4969-b395-893627b94f5f
01-07-2025,www.xyz.com/pqaqe53,f0e8a7b5-3e86-40c1-87ff-841123262628
01-07-2025,www.xyz.com/xfhun76,d6006d1e-ae56-42c2-8106-b72988489f67
01-07-2025,www.xyz.com/zqqik8,70b6ec44-3ef2-41e2-8de4-79c5a05f8ca7
01-07-2025,www.xyz.com/aoktn60,2046f7f8-ee0a-415e-8312-9348d1e3e685
01-07-2025,www.xyz.com/skhwl4,f0a85c07-6763-476c-8126-693896acc7f2
01-07-2025,www.xyz.com/iocnv31,fb7bea41-f3c3-44be-a52e-031161cb403e
01-07-2025,www.xyz.com/zplix71,e51789a8-5529-469c-b302-b86b7409174d
01-07-2025,www.xyz.com/rnesh95,3e4e4b24-d430-4249-83fe-68099bc43680
01-07-2025,www.xyz.com/mcygn85,4efac10b-c483-44d5-be03-365f85e1858a
01-07-2025,www.xyz.com/bxjja35,d49a9d61-ff45-4607-b455-0629d5fa508c
01-07-2025,www.xyz.com/qekkz49,77b8940a-f9e7-4c09-9626-dca705a4fb7f
01-07-2025,www.xyz.com/qiced29,3a203a4e-2057-4fb1-b2fe-14550056e53e
01-07-2025,www.xyz.com/pjrtc12,44516441-89c7-4467-a82b-ba8bdd2c3f04
01-07-2025,www.xyz.com/lwvtf50,c24299b9-6a7c-42f9-9bfc-f57d1af7d951
01-07-2025,www.xyz.com/zvltp46,65c512d5-164f-461e-a2e9-5ae02c27f89c
01-07-2025,www.xyz.com/zcqfw26,8cc31459-3586-462c-9280-c2042907b296
01-07-2025,www.xyz.com/nemuz8,7ec7f9f3-334e-4bfc-ac69-0b593b2ea033
01-07-2025,www.xyz.com/kucuu40,6d22ab27-53f3-42bc-bae0-c4dd2e6878d6
01-07-2025,www.xyz.com/oyrae38,d66ca8f5-f50d-4bbc-8c2e-2e2823ef8c8e
01-07-2025,www.xyz.com/flizt86,4b62fd54-73e0-487e-b131-69ae9aaa7f66
01-07-2025,www.xyz.com/qkugl51,e3738dc2-9bc5-4ebf-b54f-7ddbae91a343
01-07-2025,www.xyz.com/yxtmv55,2bb0d17c-3d44-49de-9290-3366a4a7fd08
01-07-2025,www.xyz.com/kdsnq9,2c0c06b2-bfd7-444a-8627-54c8ed232fa4
01-07-2025,www.xyz.com/marxa59,6a2d2cd0-afa7-4ffe-92ca-0bfbcbc8d7ea
01-07-2025,www.xyz.com/gwbwi95,e2a8462c-2cf3-4fdd-9fdf-bb697ff7733d
01-07-2025,www.xyz.com/ittmx60,3c1c6b01-8fa1-4617-b090-225ee202c720
01-07-2025,www.xyz.com/tqxmm37,52909f0c-5cd5-42e4-93d1-c475047b820d
01-07-2025,www.xyz.com/badwv95,9bd034ea-48bd-481c-8fcf-5c9ef25c424a
01-07-2025,www.xyz.com/rrvnn71,6b9107b0-dac8-48f8-a9ae-4910eb03562f
01-07-2025,www.xyz.com/xxwxc90,a547afb7-979d-4174-a6fe-3f7c4ae2007a
01-07-2025,www.xyz.com/iatre3,c9e1b421-b5c8-434a-b081-28fc865ef3e6
01-07-2025,www.xyz.com/kvanc99,2d051058-9226-49ac-adfa-ea9562a27269
01-07-2025,www.xyz.com/zrokv56,8bcbfe1e-3485-4552-b5a1-0957db1b8b27
01-07-2025,www.xyz.com/xykhj10,be6b662b-81b1-4ca1-8378-fcc1505a266f
01-07-2025,www.xyz.com/yyxbu33,4f962b48-46a4-439a-8457-0c62076ee6c1
01-07-2025,www.xyz.com/zkhjn3,75ad49a5-c3c3-4fab-953f-a074af594f13
01-07-2025,www.xyz.com/quonb87,3e5fb4d2-e7e9-41a4-a005-6ac84130dc1f
01-07-2025,www.xyz.com/guely6,8ed3c934-51a0-47bb-9712-a6f8ee0b1605
01-07-2025,www.xyz.com/fitzp75,204658ce-b402-4cfa-8d9d-0509251f31d4
01-07-2025,www.xyz.com/ngmjk38,5a45db9a-0da8-4114-80d5-bb69d69694c0
01-07-2025,www.xyz.com/dwjnz73,2d04ea58-e5de-4cdf-922a-47f2ff78a8a1
01-07-2025,www.xyz.com/lqenh29,be30207d-94e8-497c-b081-73915f904fcc
01-07-2025,www.xyz.com/ytski18,000a54a8-cfbd-4424-b837-ea6d08f1cd38
01-07-2025,www.xyz.com/jvmoi5,6875111c-94f5-4e7a-8e2e-9d8cb4355333
01-07-2025,www.xyz.com/zfkpk13,311ef7e4-857c-4bda-aed6-6c5e40c3ad4d
01-07-2025,www.xyz.com/qbxeo4,65a98bd0-b9e3-4a78-84a3-9918e4c7aafe
01-07-2025,www.xyz.com/gkdlz83,06f818f9-2447-488f-8eb0-ff47b343f31f
01-07-2025,www.xyz.com/xxaiv74,2f963427-90d3-4546-aaca-ab9a99544379
01-07-2025,www.xyz.com/fhzzd85,e759ac48-f10a-4f28-bf7a-ed5102fa7758
01-07-2025,www.xyz.com/tushd24,dec2f6a7-43db-47b2-a60f-e260c10647f3
01-07-2025,www.xyz.com/gshiw65,7001524d-2040-4fd2-a1e4-e0fb1bc7a71f
01-07-2025,www.xyz.com/dbqdq59,cd53750e-091a-4ee8-9227-cbdf6779ccdf
01-07-2025,www.xyz.com/jjrhj15,4ad82a55-39ab-40c1-8850-b75db89ed27e
01-07-2025,www.xyz.com/ygojf75,0e58e549-692c-4b79-b80d-13cc61b29e59
01-07-2025,www.xyz.com/mkczz3,5010512a-b2fa-430e-885f-125d739e8d43
01-07-2025,www.xyz.com/urszn76,f0049a64-50be-41c4-9c4c-88841aa6517d
01-07-2025,www.xyz.com/waftv20,d426e87e-1927-475a-9f7f-d4446d603ecf
01-07-2025,www.xyz.com/vcjho61,20ca7edb-e69c-4af4-a40e-bb163d33f8e0
01-07-2025,www.xyz.com/zucpm80,812d5d69-ebbf-453c-9d5f-77f827427de3
01-07-2025,www.xyz.com/zbkmf89,9c26f69c-7ffb-4cfc-a626-f3236a3f4b9f
01-07-2025,www.xyz.com/kcloq67,8d29cf19-dc4f-4b75-93b9-2754c03d97f0
01-07-2025,www.xyz.com/vcwsp80,cd507303-0503-4385-a61c-34f162fdc5e6
01-07-2025,www.xyz.com/ihgqn46,f658716b-35b2-475a-85fd-abac58a008a8
01-07-2025,www.xyz.com/lhpqx71,f015c01d-5cb0-475e-bf54-1896a0c11db4
01-07-2025,www.xyz.com/xfizv88,126139df-e649-4490-bd9e-0a091ba34822
01-07-2025,www.xyz.com/tnxtd83,0a068da7-d52f-4588-a31c-3eb33d4f9d43
01-07-2025,www.xyz.com/ydned15,1af1ded0-a18f-4aec-803e-03d4114dfc40
01-07-2025,www.xyz.com/dtytp44,920f4f9d-6f0e-44ef-9442-eafe925e41a2
01-07-2025,www.xyz.com/gxejc38,6f87379c-346e-4a21-8abd-6d2edbce9a7b
01-07-2025,www.xyz.com/kpoid15,c4441112-6b29-4b64-8cdc-801240eebe18
01-07-2025,www.xyz.com/klyyi56,9aa5ebfb-72fb-474a-9c96-d02111fbb91c
01-07-2025,www.xyz.com/bvfkw88,7a78b53d-97a4-463e-af15-a82e26507d9f
01-07-2025,www.xyz.com/aonaz88,d84076d8-4a1c-4853-9694-b376eeeb4292
01-07-2025,www.xyz.com/qxuwv3,91488a6c-5446-48d6-af6c-86531d4a8b44
01-07-2025,www.xyz.com/llqyj11,d54d3823-cec9-4d8f-8074-49215ab010bf
01-07-2025,www.xyz.com/wvrjc46,bb78dca1-e59a-4940-abcf-ee23696f7826
01-07-2025,www.xyz.com/coqhe12,a32deae4-01be-4ca3-92ff-a062cfe74114
01-07-2025,www.xyz.com/mtboc35,11d84d5d-a228-4a90-9daf-514d9d819ee7
01-07-2025,www.xyz.com/nqyfy45,fa262490-0e1c-4f3b-8226-eae81eae24cf
01-07-2025,www.xyz.com/nvjcz96,a684723c-4021-403c-9cfe-00fad235e940
01-07-2025,www.xyz.com/iruhr46,0df0b5b3-b790-41ec-826a-45f036866ac3
01-07-2025,www.xyz.com/xlawt43,19a80448-bedc-409c-9e9c-d80c784c878a
01-07-2025,www.xyz.com/jutdz59,d4acefe2-354c-4efa-873c-7c6a83ec4cd7
01-07-2025,www.xyz.com/tkkwf34,4bcfaf02-761a-44c0-a383-6ff761da4d78
01-07-2025,www.xyz.com/miuqi45,863be5bb-844e-446f-b56c-b99aa5ae05cf
01-07-2025,www.xyz.com/bxpjj91,5610adf6-48a4-41f6-b466-5821e4920516
01-07-2025,www.xyz.com/icklh49,83e3e38f-24d3-48f0-8671-54e2231831b9
01-07-2025,www.xyz.com/ytdwr70,704c8246-1761-4cc2-96b5-462e0bcbdebf
01-07-2025,www.xyz.com/imnqm46,811c68da-14eb-4326-a90e-4da38ff7adbd
01-07-2025,www.xyz.com/cioja92,b4cc4f02-f7c0-43c4-a6fa-36d4ec475954
01-07-2025,www.xyz.com/amyoi35,3e30e9a4-1ea4-4297-892b-4a26d67c23df
01-07-2025,www.xyz.com/yzqmv45,9b639263-f8fa-40a9-876e-8f11be41b558
01-07-2025,www.xyz.com/qnczn71,4783712a-0f6c-4955-964a-eb9e09dc2860
01-07-2025,www.xyz.com/hezaz36,9fd6100d-b1f7-47bc-82fc-4cfe1df0ac2e
01-07-2025,www.xyz.com/lqqed39,0d156ab7-ef3d-4180-b5aa-ede061a4aad9
01-07-2025,www.xyz.com/plwvk39,c4651b92-a30f-4e58-9f9f-e5543d1aecbf
01-07-2025,www.xyz.com/swnhn94,067f90a2-b469-4752-849d-173c5fec5a60
01-07-2025,www.xyz.com/lmakn21,969d4d45-0d0f-4a55-9522-93380f07ecad
01-07-2025,www.xyz.com/rvfyq96,c81fb35e-4472-4289-ac12-be6c9bd53079
01-07-2025,www.xyz.com/vjqji76,d760c012-7768-4ebc-8139-d025fe881c8c
01-07-2025,www.xyz.com/bxtna70,3a038191-3056-479b-abbe-195683cbb8b1
01-07-2025,www.xyz.com/kbmyt84,cf3c4b41-7c80-4bd4-ae9e-fd704854ac3c
01-07-2025,www.xyz.com/qssqa23,aeee26e3-8abe-4196-9569-1993702793e7
01-07-2025,www.xyz.com/eldwt85,0f47bfe9-81ca-4708-888f-ad6491297d10
01-07-2025,www.xyz.com/yrpji29,2c08e961-d017-43a2-af23-f707a0281f37
01-07-2025,www.xyz.com/iqfak87,e1a076ef-db10-4ef3-9dec-f210502bd719
01-07-2025,www.xyz.com/byfba7,72e47392-5e0a-4f39-a3cd-0eba26ce1045
01-07-2025,www.xyz.com/nwxud70,2218f1d1-f8d0-4a79-bc11-6a5123289977
01-07-2025,www.xyz.com/dhmca9,d9c7406f-b103-4b70-883a-e7f4ec5d2f49
01-07-2025,www.xyz.com/ykceh6,7cfd34b6-8472-49c8-b294-9ef35f3f7285
01-07-2025,www.xyz.com/urvdz31,68f2664a-aa85-4e10-b998-7d7d6b47dd1b
01-07-2025,www.xyz.com/kbctf12,f2da1b9d-3b81-48f4-b21d-fc079a26e5a1
01-07-2025,www.xyz.com/hjusa13,b59c7fc5-7f59-41f3-9ba4-0518adacae59
01-07-2025,www.xyz.com/vuwhd83,24d37fe6-3821-4aa9-b4ad-8b9207f9ce39
01-07-2025,www.xyz.com/lqbfh74,e3957a97-87af-4bd1-bf1a-2ce677581339
01-07-2025,www.xyz.com/mlhxa94,5aa1ec1f-0f0b-4e7f-ab40-5b842d17fa49
01-07-2025,www.xyz.com/exhyt28,3bf5ff74-621f-4f34-810c-b5ded572a554
01-07-2025,www.xyz.com/ctoqj14,8dbab986-a82b-42ff-8006-e39c138710fe
01-07-2025,www.xyz.com/lvxit7,d95e8cfd-ec4c-40c1-9e13-ed8503d2874a
01-07-2025,www.xyz.com/qwkdl8,763d8661-6b55-4cce-8dc3-1adcb2246f19
01-07-2025,www.xyz.com/vvoji13,20991324-35ac-4ae0-84a3-6b01885597b3
01-07-2025,www.xyz.com/augcm40,584a981f-205d-46df-aada-c1b38567e321
01-07-2025,www.xyz.com/baxje92,ddfd8c94-c3a1-485a-b434-11fc9379af63
01-07-2025,www.xyz.com/tesqy64,56f563d2-2cf7-4122-b898-be852768e4ad
01-07-2025,www.xyz.com/fprgn57,1856df63-1f39-4b6e-b83d-b73067018c0a
01-07-2025,www.xyz.com/czxzd42,84b2dec1-8465-4200-833c-67e69b559c07
01-07-2025,www.xyz.com/vhtiq64,071884ff-e90f-41ac-9bc2-0296344f4b60
01-07-2025,www.xyz.com/phrdp75,749fc24e-8151-4322-bc94-bda0764c215e
01-07-2025,www.xyz.com/rbzzt97,56d64288-6a1e-431d-aba3-e8649dbb6ad3
01-07-2025,www.xyz.com/uzhin82,7ad84ca6-fbf5-4673-a9d9-c03ae4abb046
01-07-2025,www.xyz.com/gbaft13,03c6ce8e-ec27-4fd5-9a0f-028e41c63f62
01-07-2025,www.xyz.com/smykh25,367b3c3b-7841-43b1-b0b7-a82c3f79c64c
01-07-2025,www.xyz.com/glhkf99,24011c67-5938-4b13-be7e-9c22e0bae821
01-07-2025,www.xyz.com/mzfbp66,6c8889d6-1c8c-40bb-9a4b-776ed1b68300
01-07-2025,www.xyz.com/vumou14,8f505538-d8c6-49e2-946c-a355499d1ed6
01-07-2025,www.xyz.com/fsetl38,32b15455-8f02-4f6f-8c35-af5f30e3ab27
01-07-2025,www.xyz.com/amurx96,b1486b04-3b95-47f6-89a4-7ccbec20db88
01-07-2025,www.xyz.com/ydzrr62,f2f971e4-e7d2-49f4-9a95-0d04bad4a516
01-07-2025,www.xyz.com/pwarm54,4beb7fc2-bdc3-4d30-8979-0d48bce6f417
01-07-2025,www.xyz.com/crevk22,0d07ef33-3532-446f-800b-7564051baa4c
01-07-2025,www.xyz.com/bflat70,d639a867-e280-411d-906d-fa3f8230633e
01-07-2025,www.xyz.com/becjk28,4dd56505-94ce-4940-8b3e-324409f1e09d
01-07-2025,www.xyz.com/xnbyy40,131e6027-903e-4e70-b992-1406893c9ece
01-07-2025,www.xyz.com/ayrhg65,0e10fe64-9292-4a15-a9e1-ff510d8b131a
01-07-2025,www.xyz.com/ojofj72,af888b09-6680-418e-8214-6699cfef3b6c
01-07-2025,www.xyz.com/nibah49,64b8bfd5-2cf4-4ea8-86ae-17a21bf6655c
01-07-2025,www.xyz.com/wvwew43,707a5f47-718e-4c4d-b38a-f68d4e8333bf
01-07-2025,www.xyz.com/ahbqb74,bf261f3e-d58f-41d1-91f9-d3d42350d4ee
01-07-2025,www.xyz.com/hcrqv23,931d5213-1555-4047-a952-2b64bbb13384
01-07-2025,www.xyz.com/pglta44,e22c57e1-181a-4c2d-9794-908162cfe5ce
01-07-2025,www.xyz.com/asvnc55,2fb04c41-46b3-44e5-9edc-9757abb842d8
01-07-2025,www.xyz.com/ovycq18,09ceb6c1-bc6d-4994-8d39-bdf1221b18be
01-07-2025,www.xyz.com/akbkc56,bbcea56f-4670-4dc7-b6a5-a0ea2c995be8
01-07-2025,www.xyz.com/zyrsz97,1d3d3a14-bdc6-4651-8a41-31e8f9c9f02e
01-07-2025,www.xyz.com/brhxw22,cd8c0e16-06e4-4d8a-97ad-d38fce7324a2
01-07-2025,www.xyz.com/gvnyh1,0a74793e-546e-482e-9d20-219bc6b0389d
01-07-2025,www.xyz.com/kwxvm83,9a62fb2b-7ef4-400c-95d3-35bdea280eb5
01-07-2025,www.xyz.com/aluid98,aa687771-f6a4-4cdf-b07a-d140bb61091c
01-07-2025,www.xyz.com/vicvm90,1a67b8f9-60b8-479b-866a-8d1cd4a51900
01-07-2025,www.xyz.com/dlgyv61,d395ddca-e069-4b42-a7b1-f90519d967db
01-07-2025,www.xyz.com/lpdmp85,ca18f90c-3a71-4284-bb97-570f85f4f025
01-07-2025,www.xyz.com/msswe63,ca5c9230-4870-43b0-b724-78500f70d4ea
01-07-2025,www.xyz.com/rhrta57,1ecf8a92-6ba1-4900-bb4b-c1e24311d1b7
01-07-2025,www.xyz.com/loylr22,8975dd82-5fb3-4fc7-94bf-4d4bfdf0f2b8
01-07-2025,www.xyz.com/eyfxw3,0699999f-555e-440b-a13f-bdf57e883ed3
01-07-2025,www.xyz.com/eqmcu99,19cbaaae-e330-41b1-be24-ca46326bfca8
01-07-2025,www.xyz.com/esrgc21,a669584f-ec79-4ff3-90f4-4f9cee754a1d
01-07-2025,www.xyz.com/wclyp53,05dc1e16-e3af-46e2-8f8a-d0ca0335b4b8
01-07-2025,www.xyz.com/bcrvh87,ab0cdf2d-e6f6-4870-8de6-ddcc294c16f2
01-07-2025,www.xyz.com/nvjra68,561d5c9f-078f-49ee-a1d1-61c3dad0ff3f
01-07-2025,www.xyz.com/plani88,86243e59-dfd3-4790-94b1-47b7d4159992
01-07-2025,www.xyz.com/idcio2,f1be7000-5c89-4e33-b0f2-eed74740350c
01-07-2025,www.xyz.com/dxoiu45,fef93642-347c-4f92-a6c2-43df5b35c3b8
01-07-2025,www.xyz.com/ahbir14,1b14715b-4076-4621-8e88-5529484eb34f
01-07-2025,www.xyz.com/aidbj78,83cad398-9088-4838-b1de-b0ae42a6cd5c
01-07-2025,www.xyz.com/lnvlk93,261228f9-6441-48c6-9509-9ae1305da3da
01-07-2025,www.xyz.com/thmwg74,050e4614-6869-4d06-96f7-1cf67492da75
01-07-2025,www.xyz.com/qzmpl31,48b33e09-67a3-46b6-a41c-4526e28e63c0
01-07-2025,www.xyz.com/hmoiv10,c74e5672-881c-4ed1-b859-8e1b65f6bcee
01-07-2025,www.xyz.com/ovnnr21,d40398f3-2201-41d0-8494-50f950ead89f
01-07-2025,www.xyz.com/rzwau8,e44602f3-93a6-43f8-88a9-4d71cf80a975
01-07-2025,www.xyz.com/ulrwj85,bcd620cf-e1be-447d-aade-323d8cd0b5ce
01-07-2025,www.xyz.com/cyfbd26,61413441-aa76-4759-9bdb-3d7e8fa80d27
01-07-2025,www.xyz.com/wodkn73,3ff611c2-3429-4c12-a762-5fdcf1f50b47
01-07-2025,www.xyz.com/zivvp35,934112ab-307f-441b-8075-fd5dd43df83d
01-07-2025,www.xyz.com/fswvg97,af07a728-bf92-4fa8-b10f-e317adcea7da
01-07-2025,www.xyz.com/nqlzo31,a9facf4f-dfe1-4b0a-81f5-674892dca41e
01-07-2025,www.xyz.com/mxcck41,e600faf8-879b-44c9-bb38-ecdb87cf1215
01-07-2025,www.xyz.com/sexwf18,bb71a043-00b1-4412-902b-b82639b9ea0b
01-07-2025,www.xyz.com/bzxww28,a27abfce-d2cb-49fd-b4de-6cc4c7affa51
01-07-2025,www.xyz.com/tuisx90,37fe5c96-9dd4-4eec-a72e-d8f6eb40169d
01-07-2025,www.xyz.com/voeie54,4c69658e-2798-4ce3-a0f8-e5405dd82810
01-07-2025,www.xyz.com/efxkx61,a57ad703-0e95-4c2a-bf04-a7edeadf2b27
01-07-2025,www.xyz.com/gcyqq68,430cc186-a9bb-4ddb-9920-6a2d82a0e2db
01-07-2025,www.xyz.com/aggax60,9e3d5924-e85f-43db-a044-4d8b71d07eb0
01-07-2025,www.xyz.com/ffhqm41,fd3adc32-b44d-434b-bde9-04df11ef7752
01-07-2025,www.xyz.com/mxsyy7,8716ccca-25d0-475c-984b-9137d29ad783
01-07-2025,www.xyz.com/ycuxm77,30067713-f23d-41a3-b165-a715d64ba2f6
01-07-2025,www.xyz.com/thyxu63,2ad3475e-da2d-48f0-9570-d18717649d85
01-07-2025,www.xyz.com/quvrb72,deef0bce-bd8e-461a-980f-ba1fbc2c6346
01-07-2025,www.xyz.com/rmbtg48,cc1930b6-d311-4eee-80ef-3fc9e9b9b2f1
01-07-2025,www.xyz.com/ssmts77,ce8d435b-9201-4acf-9764-fae0ac7a05e8
01-07-2025,www.xyz.com/nlgsz76,60d065c2-828c-4914-ab17-ae07e28ba328
01-07-2025,www.xyz.com/zxrgr13,cf88524b-28da-43ea-946e-b35702826f00
01-07-2025,www.xyz.com/cgdvp27,3cfd8537-32d1-481b-9d05-90e2658b54a5
01-07-2025,www.xyz.com/tmglz97,d1102bd1-80f1-4aaf-8c4f-be7e258e43db
01-07-2025,www.xyz.com/orzvj98,616108c8-41b8-4aac-b98f-2a6ac62ac997
01-07-2025,www.xyz.com/neyok84,92ed4be5-8a72-449f-a2aa-a303b175731d
01-07-2025,www.xyz.com/ygxvq12,7fdbca86-9038-468c-8702-6edb93866628
01-07-2025,www.xyz.com/fmfri40,2f9abdb0-9225-4e8e-a462-1291cf25fb0b
01-07-2025,www.xyz.com/zivao4,6f0580f3-e444-4d88-bb2a-64a1d131218d
01-07-2025,www.xyz.com/diahk97,3cc2b3d9-4a68-401a-8931-8dfc454eb053
01-07-2025,www.xyz.com/rcfdb29,125688cd-6112-4a1d-95f0-981216ce504b
01-07-2025,www.xyz.com/xjlwx98,3a702378-de95-4b1e-8332-d332d89e9cc3
01-07-2025,www.xyz.com/qbiqe74,dbf94a85-c4be-4ce8-b1e5-b7309e4d9cab
01-07-2025,www.xyz.com/ysknr29,6884c009-6b61-4495-bf0a-22daf62bd0fe
01-07-2025,www.xyz.com/fwhcq91,63e9d4a1-14cb-403f-8189-85f59ff0b9be
01-07-2025,www.xyz.com/kvjow54,b4e58be5-663c-4d36-ac06-c716fbb9b788
01-07-2025,www.xyz.com/ffmpb75,d50226a3-9e37-44cd-a924-76ace621885d
01-07-2025,www.xyz.com/bzuhw61,175c435c-1671-41c0-bfd5-fe6598ae963f
01-07-2025,www.xyz.com/ymfuj40,aec52e4c-2d61-408d-84ae-f5f20d93e232
01-07-2025,www.xyz.com/leikj25,2d5591cc-3276-4261-be7d-8e2624aef85f
01-07-2025,www.xyz.com/raajb24,8518c1b6-8a15-4278-8dee-633497e4f3d7
01-07-2025,www.xyz.com/opaav85,e4137a9d-a65c-4d2f-a591-815f1f4c360b
01-07-2025,www.xyz.com/xuxnh76,689c8fde-28c9-4b0a-8607-42dc92252ccc
01-07-2025,www.xyz.com/hqkcq35,095467f1-0e63-4c9a-9f33-17728e094da9
01-07-2025,www.xyz.com/rfnhy79,e1432fe1-b8b2-4a1c-9e7a-5ec637c757cc
01-07-2025,www.xyz.com/valed54,50796be4-f3bb-4085-931e-3212e8b6bffd
01-07-2025,www.xyz.com/bkgcw47,f3fd9cc1-aa4a-48d2-b93c-2316c7c045cf
01-07-2025,www.xyz.com/mrxzt50,5fadcf72-bf37-49a6-9c45-6fb8de0b5263
01-07-2025,www.xyz.com/obngw99,96714337-4035-4565-956b-d1965f016e2d
01-07-2025,www.xyz.com/follo91,e8b4c2a3-a050-45b6-9117-b9ae1b76e039
01-07-2025,www.xyz.com/rvejs36,be25d97c-8ec7-49a9-b0f7-7f55ae7221ff
01-07-2025,www.xyz.com/rjfln41,b197edb6-8f12-4390-9484-d03b6231f429
01-07-2025,www.xyz.com/awwmq10,70b7429e-18e4-4792-8319-b070bb989a25
01-07-2025,www.xyz.com/vxtxy4,55913db1-8732-412c-bc9c-cb83251b48e6
01-07-2025,www.xyz.com/wxpiq14,8d8d67de-3a6e-448e-b4f3-a0869cbb4a72
01-07-2025,www.xyz.com/afadj54,31e46240-ecda-4ff1-8cb0-597ed84c66e3
01-07-2025,www.xyz.com/wujzm28,13d8efe4-7a87-4979-8480-c84fc3ec875d
01-07-2025,www.xyz.com/gfvhh68,ce916531-9590-44f5-aec3-153edf2edca4
01-07-2025,www.xyz.com/xeqfh34,5769e832-cc66-4560-b87b-c7729c99b17c
01-07-2025,www.xyz.com/ptvau80,97ff07d7-92ab-4662-9dbc-ca50b5fbad42
01-07-2025,www.xyz.com/toapx60,51f05f88-9d91-43b7-9eb3-c2c0646fdb24
01-07-2025,www.xyz.com/kgbbt47,17f68e45-ea96-466f-a2df-57c335db8407
01-07-2025,www.xyz.com/zlqac70,63b98519-8836-4628-8d3c-70f30a839134
01-07-2025,www.xyz.com/bheue52,c893582d-bd17-4d92-a7b1-050472a19f28
01-07-2025,www.xyz.com/lrihq4,27ac8b7f-39c8-409f-86dd-1ca12d9c9eac
01-07-2025,www.xyz.com/pxmqa60,579338a8-d695-48f7-9d44-e1585c0ceafa
01-07-2025,www.xyz.com/rnita59,7facc416-cdf2-4970-b962-c81e9938875e
01-07-2025,www.xyz.com/gpxkg86,6feb22a1-aed4-45d5-8a20-720ed62bed36
01-07-2025,www.xyz.com/nekvk37,674ab23d-38ab-413f-ac5a-87a94e65223c
01-07-2025,www.xyz.com/iwsfy50,0bb5b909-a0ed-42b2-950d-e7944187477f
01-07-2025,www.xyz.com/edscs52,719266c5-ba35-4162-9b05-3fa8f8a72f76
01-07-2025,www.xyz.com/yeowc90,23363ff1-8973-41d9-88a7-7f13699d5ebc
01-07-2025,www.xyz.com/ufzyq43,943b1db0-5023-478e-b565-4f4087f2803f
01-07-2025,www.xyz.com/vgfdp53,82083edd-1f91-46b5-98f2-70ba9f3be3b3
01-07-2025,www.xyz.com/heopx75,27a90ab9-8c43-41a9-bf0f-39e2c68ee285
01-07-2025,www.xyz.com/ycsle20,c71828c4-ab06-4bb9-bf0c-efd9ca46dbc4
01-07-2025,www.xyz.com/rubif56,69a081a5-619e-49e8-823d-c815e7e97611
01-07-2025,www.xyz.com/zzcnc11,fd21ad1b-e360-4e68-847d-4cdc7c0b7bed
01-07-2025,www.xyz.com/emgnt68,9f7d19b4-79db-4d69-8324-900d5201f2ea
01-07-2025,www.xyz.com/wimtu3,702c1043-7c06-4db7-a07a-41390011ae45
01-07-2025,www.xyz.com/bsdne50,bb521af2-de4b-48a8-a654-2fbebf4a1aaf
01-07-2025,www.xyz.com/ggrrz86,cc5dcc95-60cf-4fef-98dd-07f6d997a12f
01-07-2025,www.xyz.com/ueucw89,e41a4f36-6d58-49b8-afbd-e96ce6eeaa20
01-07-2025,www.xyz.com/qwcld33,24a61813-1e8a-4ac1-965c-49a6373cd8a4
01-07-2025,www.xyz.com/woiyw70,6e4388b8-3c5f-4130-a466-a7386ac59b07
01-07-2025,www.xyz.com/ifncp21,a15f751a-28e1-4e2b-b5e1-baf68c937c5b
01-07-2025,www.xyz.com/drdun26,9d3af09e-07fc-4539-bf9d-4ed944f33400
01-07-2025,www.xyz.com/jmlrg36,081af2b3-e58d-4811-8064-941a1beeffed
01-07-2025,www.xyz.com/vjmwa64,bb3f820d-9dde-4cfb-b781-cb36912025aa
01-07-2025,www.xyz.com/glwsf9,e9e6807b-9883-42f6-984e-177fb3d677ce
01-07-2025,www.xyz.com/mezif79,fe43cf19-8376-4df5-a3fa-0d6b1c12330d
01-07-2025,www.xyz.com/nrgom31,e67ef38b-fdc6-434e-8b80-c16014195445
01-07-2025,www.xyz.com/dyjup15,6433b591-eaf5-452b-8a8d-e4b76878decf
01-07-2025,www.xyz.com/pggwl95,d621fa73-335c-46fa-9f70-b5fca5403721
01-07-2025,www.xyz.com/qixrw34,126e89f5-5303-4e3c-8e74-9cf8afa37b2c
01-07-2025,www.xyz.com/bxzin73,94d9a682-9e13-4ca2-adb7-ccf0d84142e4
01-07-2025,www.xyz.com/ifydw31,9d661921-d49d-4a1f-b291-e66a160e38d7
01-07-2025,www.xyz.com/ogzbs26,54dca8d7-1d18-4e4d-ad0b-e7dd041e4924
01-07-2025,www.xyz.com/wrstw8,bfb509aa-6c67-47b6-876f-09b18bff5bcb
01-07-2025,www.xyz.com/fkhaf57,f5024876-2df0-43eb-93a3-3a5bd862a460
01-07-2025,www.xyz.com/klgwr98,34b0b488-e049-424d-a0cf-c3f506a51d20
01-07-2025,www.xyz.com/vvltl75,e809100a-a91b-4b12-9f52-d32b6160a0d5
01-07-2025,www.xyz.com/wkzkv6,60e502b4-0c9e-4f31-a268-eb8a60d701bf
01-07-2025,www.xyz.com/hkwjo72,a2074eb2-1c22-40c3-952a-f3e547730dd3
01-07-2025,www.xyz.com/kqvum65,8ac0bbed-7cbc-476d-b177-37eb79113527
01-07-2025,www.xyz.com/toyyi55,4c62c274-8874-448e-b3a0-f949b86b54fe
01-07-2025,www.xyz.com/sjyeq28,a9fe293f-cf6b-48b4-b0f3-bf4f98ef9b8e
01-07-2025,www.xyz.com/qzpos67,90ea1f0c-933b-4805-add0-a8693522adf3
01-07-2025,www.xyz.com/llikz76,c58fa31d-c82d-47c2-8c24-a6ff207d7536
01-07-2025,www.xyz.com/plewq20,819ba424-2f82-4678-9ecb-2499a6a6577c
01-07-2025,www.xyz.com/fzdjh100,3bd34eaf-7374-48e9-9326-c0eb854d53d4
01-07-2025,www.xyz.com/uepkh73,08ede3bf-9f5e-4161-b096-fb8d66587193
01-07-2025,www.xyz.com/ruasj93,3be523dc-c81b-403c-95b5-60fc9b2a61e0
01-07-2025,www.xyz.com/pgxcl100,9ccf1f6d-586b-4c75-8658-df557cbc5d0b
01-07-2025,www.xyz.com/jxiqv96,a8069bd0-8069-4e0e-bc03-13f1a688fa82
01-07-2025,www.xyz.com/iltgf30,d80ab2d6-d740-4444-8d53-19c4f3ce0479
01-07-2025,www.xyz.com/fhlqr79,fbeb7efc-13e3-4ae8-af13-65cf90fbfb85
01-07-2025,www.xyz.com/rzivv48,978c7c30-c353-45de-91ea-3ad436574e46
01-07-2025,www.xyz.com/irwvq99,5d42b18d-99ed-4493-93a2-2fe6fca2d5ac
01-07-2025,www.xyz.com/jrgji19,ffd75a28-ccb7-4f02-8d89-27de86826349
01-07-2025,www.xyz.com/vuacv75,6ff85117-b0c1-4f83-b1bb-d9d798dbca54
01-07-2025,www.xyz.com/ydpqn26,19f980f6-a979-40c5-b78b-c0318d1da130
01-07-2025,www.xyz.com/ygzfa1,a0e22c7e-74f1-49fe-9db6-5a964c9a6f16
01-07-2025,www.xyz.com/zrcly76,f5696941-c4a7-4038-90b5-d39c25e88568
01-07-2025,www.xyz.com/rzfpr36,69cdc6db-86d2-4b51-afb5-dc9c1b0a2271
01-07-2025,www.xyz.com/xyjob26,edcb862c-581d-4a86-bd70-ab50a60eb04f
01-07-2025,www.xyz.com/seldo98,a1f296e0-c5ad-4dc6-9d8c-0cbb2ced5e56
01-07-2025,www.xyz.com/vlnfc13,f04bed19-a824-49fe-b918-487efe2b09b9
01-07-2025,www.xyz.com/ssbuz36,abed47a2-50e5-4967-aa1b-7e5146eac231
01-07-2025,www.xyz.com/acdqx40,cbfa5f1c-fc41-4a81-bde0-42da185fe770
01-07-2025,www.xyz.com/xgfdb39,97070f2d-797b-4c0d-bc70-a284e05ccb60
01-07-2025,www.xyz.com/czyke22,b43975a7-aa4f-4899-ad1a-d4e658cbcdda
01-07-2025,www.xyz.com/ftmxl7,52d39e79-988b-4f4d-86a1-23f74bd2002b
01-07-2025,www.xyz.com/anpff96,e2a35afb-551a-4f26-81cb-3ea89172a1ff
01-07-2025,www.xyz.com/qkndn24,28665817-bdff-473d-8165-94bd0dfc92c7
01-07-2025,www.xyz.com/sfzih39,f7c32f84-9faf-48ee-9f27-8c80b5293d66
01-07-2025,www.xyz.com/bkydy37,4a9b9653-d18f-4eb2-a162-0f2691bef08f
01-07-2025,www.xyz.com/cgsdz60,6120b231-1f17-4502-bff8-18bfa46ff993
01-07-2025,www.xyz.com/pxxng94,44a9169a-52ad-40c7-ab5b-779588bdeee8
01-07-2025,www.xyz.com/ydvoa19,26538598-7026-4e62-929e-64c5794658b5
01-07-2025,www.xyz.com/ghppv67,a00e444e-6fec-41a2-b2b1-fd95d2f32441
01-07-2025,www.xyz.com/yoxfa16,96f40bf3-7b80-4ed4-a72f-a122464fe713
01-07-2025,www.xyz.com/lfkap25,7eaaff90-d6c5-4816-a843-405d7bae23c9
01-07-2025,www.xyz.com/zsoho100,d26a0047-e323-4b9f-9688-10907e6c3b78
01-07-2025,www.xyz.com/tworq51,1989139d-6bd1-4b09-a763-f8a5d6d0faaa
01-07-2025,www.xyz.com/zrwtf31,bdb0b241-d907-4967-bebf-9ce738f01fd2
01-07-2025,www.xyz.com/gjtuw17,ca0dae0e-086d-4215-8587-0652a26f3ef3
01-07-2025,www.xyz.com/omjkn25,2bf9eb0c-7e36-491a-928f-e24555317258
01-07-2025,www.xyz.com/nxzwd52,27ec432e-3387-4c1c-a23c-03d73dedf2d0
01-07-2025,www.xyz.com/hbpyx17,be7329f0-66e2-421f-9721-bcaaaa006a73
01-07-2025,www.xyz.com/fzxpa93,fa384993-450b-4952-828a-68657f27c291
01-07-2025,www.xyz.com/hlzgx57,2eb007ac-f6aa-4796-9fcb-b1051e1056b4
01-07-2025,www.xyz.com/wifpj12,86c06b51-a688-4763-8475-add0754b3093
01-07-2025,www.xyz.com/rudke8,c5588b4c-7773-40c0-8286-a860a80345b8
01-07-2025,www.xyz.com/lmwab79,62e55c5a-69cb-4b56-88e4-2d7f01d061ea
01-07-2025,www.xyz.com/raqqx9,ce2394dc-15a4-49fb-91b6-abaf8d2c42e0
01-07-2025,www.xyz.com/pdcri100,c11a84c5-b045-4e8c-b38c-1a82d998408a
01-07-2025,www.xyz.com/eybos31,feb11480-2f3e-4806-b42f-1de6bb0eaa7e
01-07-2025,www.xyz.com/sbmyf53,d531bf71-d1af-4937-8560-4b85942df953
01-07-2025,www.xyz.com/efdox58,07acc0c4-569c-4abd-bc62-53f2ae8b783d
01-07-2025,www.xyz.com/ufohn92,016147bb-43e9-4741-b61f-ba895eee64f2
01-07-2025,www.xyz.com/gesov63,dbb2610a-cb37-4881-aab0-fe1cc2e180cc
01-07-2025,www.xyz.com/aaljf62,154ce5d3-c92c-4a8e-9378-1eb921bbfdc3
01-07-2025,www.xyz.com/lldnk35,df998eeb-e86e-4d31-8ac1-97450675ce10
01-07-2025,www.xyz.com/clrpl62,70eae16e-45d8-4027-8a84-b10d39b512a0
01-07-2025,www.xyz.com/hisni82,6454ee54-8893-4544-8e85-f25d93df8d1b
01-07-2025,www.xyz.com/xrlbf48,70a11c0c-73b6-4ec0-b8d7-bf7764ace44c
01-07-2025,www.xyz.com/aqarp40,eda216e5-77eb-4f40-ac11-32bf80dae1cd
01-07-2025,www.xyz.com/uhpij68,b4321a96-add9-40fa-adb8-bdcd482304d8
01-07-2025,www.xyz.com/ijwur64,c960ce67-fa22-440c-935d-c715436f5e63
01-07-2025,www.xyz.com/jmdwu98,79083667-06b2-43f4-b886-2a1b2b36f32c
01-07-2025,www.xyz.com/nyzal45,6f1eb06f-e1d5-44ce-96a2-2ad40cc8c738
01-07-2025,www.xyz.com/rwhot1,db9ef053-5729-461c-be26-1a3c081a7afc
01-07-2025,www.xyz.com/oaxgy99,9d9afe24-4f13-4905-8ac8-2d23be37ffd3
01-07-2025,www.xyz.com/vejtt85,69a06bcb-768f-4a16-a6ec-b934e65c927e
01-07-2025,www.xyz.com/rqabj16,bf20254d-b597-4df0-b944-b3d1c336eb8b
01-07-2025,www.xyz.com/aguck75,524fc6c7-b841-49a1-8f86-7440b77c6956
01-07-2025,www.xyz.com/txosf72,cba8c7bb-63d4-477a-9234-996903ddfed0
01-07-2025,www.xyz.com/eqsxl29,63e99d8f-2255-47af-9049-7ed85412c569
01-07-2025,www.xyz.com/rkvqj83,7dcb8455-1976-4217-957f-2551993b857a
01-07-2025,www.xyz.com/jnvvf3,2d1de878-1a98-48f4-953e-939c936e860c
01-07-2025,www.xyz.com/upihz5,c64b1814-808d-43f5-b172-b4dd62eca572
01-07-2025,www.xyz.com/hyxlf72,aee48499-f017-48f6-9df5-92655cefa61f
01-07-2025,www.xyz.com/zdexs78,085b4cf7-d057-4665-b741-aa58d631235e
01-07-2025,www.xyz.com/qhdkr77,1e03c226-9d24-4d15-8d74-1b8eb259302d
01-07-2025,www.xyz.com/ewhlo43,ab023c2c-6085-4f6c-8c2a-5c400681b49b
01-07-2025,www.xyz.com/jxbvy69,a46c86b0-a574-4704-a5f9-62a737abe9ac
01-07-2025,www.xyz.com/xvsxj46,3a51bfba-9385-4a20-b705-ecb59a1e8a1f
01-07-2025,www.xyz.com/vmkkq46,903c8943-3de3-48a5-9d49-136f49123559
01-07-2025,www.xyz.com/csamq24,61bd396c-8df1-4d12-9798-74a8fe54942f
01-07-2025,www.xyz.com/ecvds57,c84e6a10-c36e-4407-b6e5-beeb7e573375
01-07-2025,www.xyz.com/cirgj34,89ea3f9a-a0a0-47a4-91aa-e2b6af58a7fd
01-07-2025,www.xyz.com/jijml40,521a8dd7-e569-464d-b3a1-7dd1ed8054ca
01-07-2025,www.xyz.com/hkauj74,20e8a6ee-d51b-4f7f-9dd0-65697e67c38c
01-07-2025,www.xyz.com/csyit61,eb3867b0-cfc1-4f9b-99ff-58448d9c1c50
01-07-2025,www.xyz.com/iogrt24,6214d1f5-8587-4768-a6a1-6b219f445c12
01-07-2025,www.xyz.com/lgsiy62,6753e4c3-d661-4bbc-ba67-7662c2ed0c34
01-07-2025,www.xyz.com/xmmxq62,cb956289-9026-4847-a6b0-a4e19275198c
01-07-2025,www.xyz.com/jrnjh57,bc40838f-219c-4d5a-83ce-a864fcdb4834
01-07-2025,www.xyz.com/ubpjm13,d55b1807-9b96-4206-94b1-e02ac9d0856d
01-07-2025,www.xyz.com/gdann15,56b8c380-2ff3-49db-9c64-804a3c7a27f6
01-07-2025,www.xyz.com/jwckv88,6080b972-8933-4c0d-bf0f-1e9c34d0d16f
01-07-2025,www.xyz.com/jllry62,47cc8b3b-6435-4ca2-8ea0-18086481dbf8
01-07-2025,www.xyz.com/nymnx91,469486e6-6e9b-425d-915d-47eb001ffec5
01-07-2025,www.xyz.com/mears67,01e905b9-62bc-4650-9056-8d2cfdf75311
01-07-2025,www.xyz.com/dqdhl63,add539ae-f12e-45d2-b964-2f2aac3984c1
01-07-2025,www.xyz.com/ubkcb41,524f5161-790d-47fe-b1b2-7cc1623f76ec
01-07-2025,www.xyz.com/erxkg99,74274f7e-9b84-4ed6-91a8-1181bfe75db7
01-07-2025,www.xyz.com/pwado99,1498d4aa-c89a-4796-b93f-403f86dd68c7
01-07-2025,www.xyz.com/kjfkz53,3b6a664c-41b2-47d6-856d-39ce338dfccc
01-07-2025,www.xyz.com/dqhbe57,6b94a075-0a34-4330-9913-fa4e16fdd216
01-07-2025,www.xyz.com/dmsap54,5ec396ed-5341-427a-b58c-79eaf835a4ca
01-07-2025,www.xyz.com/dxhph99,1aec8fd9-86e7-4f4f-935d-b2b6af638376
01-07-2025,www.xyz.com/msucz11,df368711-4d93-49bb-a03f-bc32fafd68f9
01-07-2025,www.xyz.com/hfqog45,5fa39c51-9504-4164-82c8-05bf875e9930
01-07-2025,www.xyz.com/rvhip60,7eda7546-c604-4c7b-8f11-f8a4e541922e
01-07-2025,www.xyz.com/ibtnh1,2040444b-3514-4dfe-a622-f7a1261bc0b4
01-07-2025,www.xyz.com/jvcyu55,f57afbfc-16dc-4799-b126-bbb59e0c911a
01-07-2025,www.xyz.com/sltwm74,6fc43ec2-b2f5-4e94-b8c3-3d6b3a34ca82
01-07-2025,www.xyz.com/kyhdz9,3a01347c-85a5-43e5-a536-4f73744e50d0
01-07-2025,www.xyz.com/acprf4,b97d53fb-3dca-4fc8-8b16-b34bf1fdc5c1
01-07-2025,www.xyz.com/skezr74,2eb1b75f-859b-4132-99e0-17d5b7ceb4d4
01-07-2025,www.xyz.com/hugsq25,53c7405c-8a87-46e1-a69f-d78c8d8187fb
01-07-2025,www.xyz.com/qsnfn61,3449209a-4817-4b4a-9fc6-016463ef63be
01-07-2025,www.xyz.com/febry24,6caef9db-445e-450f-a06a-d8a42a929089
01-07-2025,www.xyz.com/lgjll82,3647da56-5947-4dce-affd-1f822724875e
01-07-2025,www.xyz.com/hgihf72,1464fe32-5d1b-4d21-97a2-68fe02e1058f
01-07-2025,www.xyz.com/ahhve47,e8277465-718b-4bbc-bd9b-99dc8ea09b44
01-07-2025,www.xyz.com/immok52,b1e78191-80b2-4f7d-99b1-2ab8f3f35d0c
01-07-2025,www.xyz.com/mvjpz46,8df86a8f-8ddc-4ddc-8b06-c6ea310d4283
01-07-2025,www.xyz.com/qbxbs24,a0578f48-9b7b-40c1-a1f4-f5a044252f1d
01-07-2025,www.xyz.com/svada74,91e00101-65fc-481f-9377-2848e83bf46b
01-07-2025,www.xyz.com/uverf39,b00ca916-d95c-4962-b28a-b258007fc034
01-07-2025,www.xyz.com/mpdno42,e80b21fc-c348-4465-89f1-89fe57a98610
01-07-2025,www.xyz.com/cvnip53,5f274f58-7470-478a-acba-eaf0e241e054
01-07-2025,www.xyz.com/ummay72,6d1af3fb-6ec4-47af-ba94-e9a392abb142
01-07-2025,www.xyz.com/vzoog21,4d287e82-9b65-4cc3-a568-a5291d744fcb
01-07-2025,www.xyz.com/bddyz39,da369d41-7a1d-40e3-bb85-61a9269a028a
01-07-2025,www.xyz.com/rezvy72,ed27a7b0-7425-47e7-97fd-a8eede8ca7fc
01-07-2025,www.xyz.com/tzoch38,9277f12a-abdf-4c7d-b170-c3a8c8200b4f
01-07-2025,www.xyz.com/abnju40,5de1d611-d096-456b-903a-1f319cbf4373
01-07-2025,www.xyz.com/tgxzv84,22fff31b-9442-48b8-a969-dcf80e58bfb6
01-07-2025,www.xyz.com/xdfoq84,ec130f9d-73f6-4927-8e23-86ed6ab9539b
01-07-2025,www.xyz.com/klxkt2,7c827b2a-625d-48d3-b2f2-cbc568c0afd0
01-07-2025,www.xyz.com/jzfdl54,fe8f3aea-9a52-477c-adcc-5804ea953361
01-07-2025,www.xyz.com/tgiwm87,8e03e1eb-5226-444e-8bb4-3f19dac933ff
01-07-2025,www.xyz.com/tcmcm97,f16d1f5b-2b2e-4135-b6d7-554b87750030
01-07-2025,www.xyz.com/mngzr60,a0bd073e-e29c-46bf-b014-e42f973eced2
01-07-2025,www.xyz.com/tiuox98,7cb16f30-22d9-4f45-b797-c1e77c2193fd
01-07-2025,www.xyz.com/cptrw55,e356d4c1-17c2-4f9b-b73b-aef154bd1867
01-07-2025,www.xyz.com/hjzrv15,6bc0a9e4-55f5-4c3a-8788-cf6e19bed49d
01-07-2025,www.xyz.com/trkkv11,27eaee60-bbf4-448c-9ddb-3e045f2b3c8d
01-07-2025,www.xyz.com/ihzkp40,6da64d47-9cc8-4091-a727-19f52e71e1f3
01-07-2025,www.xyz.com/kwjbg12,43df57f7-1aad-4da1-8ed9-f0f691ae1034
01-07-2025,www.xyz.com/xjdfr86,bcc4daa9-0ca8-43ff-b5f3-c0f9e018f3a8
01-07-2025,www.xyz.com/ydiwd62,8663fe05-e04e-45c6-878b-45ca97dc84de
01-07-2025,www.xyz.com/cechs7,e43bb550-90f6-4b5e-82cd-369c536e4190
01-07-2025,www.xyz.com/hqwdl70,373b5baa-4e90-44fb-bfa9-ff79797c223d
01-07-2025,www.xyz.com/fragv69,65803d98-ce75-45e2-b94a-5fd60a236dcb
01-07-2025,www.xyz.com/uhbdr37,18c25d8c-807f-4dc0-a08e-cfa25e8351b8
01-07-2025,www.xyz.com/zqmjw81,1a4fe19c-3417-4e79-a852-3cb74d252a85
01-07-2025,www.xyz.com/lumji21,941e82c4-688a-4296-824a-b7b0543c5315
01-07-2025,www.xyz.com/qewuh20,03a08ded-5c85-4854-bb71-90db9c115f0a
01-07-2025,www.xyz.com/xsmib72,36d2ba1d-e588-4038-b375-45e786347f53
01-07-2025,www.xyz.com/ifwuj27,01260593-eec8-45fc-b05b-6a37cdc4ce1f
01-07-2025,www.xyz.com/jffyb98,e0e56a5e-2bde-46f0-b6e5-b4daed2f37ca
01-07-2025,www.xyz.com/mxumm47,10fbbbf3-2b67-4ecc-871f-c503787f2499
01-07-2025,www.xyz.com/gkvex87,fc49819b-4e91-4bed-804c-cf2195be9441
01-07-2025,www.xyz.com/qsfgb22,39d172d9-f5ce-4e02-9396-febe5db65b02
01-07-2025,www.xyz.com/hmkxp84,8ade0aa1-a18e-4659-9e49-4cdcdd5b178a
01-07-2025,www.xyz.com/xtlcy63,d5a912bd-21bc-4232-aab4-51bccefa3653
01-07-2025,www.xyz.com/oizcx27,f7154cea-7587-4f7b-8a3d-c17f5ed0b9a0
01-07-2025,www.xyz.com/kpcni69,2749d976-c6b4-409f-9831-6fd4ff8e64b1
01-07-2025,www.xyz.com/puydg23,6d57fca3-ba61-43f1-9bda-67ea2602cff2
01-07-2025,www.xyz.com/sdapv8,423b8345-03cc-41be-9938-0a3b3917da33
01-07-2025,www.xyz.com/wnpfr6,65a9b3e3-0090-4b8a-9869-0b4ca12d8ba8
01-07-2025,www.xyz.com/xlpwl22,a164530a-b4d2-4aa2-8549-88491a5876a2
01-07-2025,www.xyz.com/bobte58,208f79d6-6587-42b8-9070-14b13eb63487
01-07-2025,www.xyz.com/rhszq31,26bb64fd-dd93-4e30-a62d-1c9d245d0ebb
01-07-2025,www.xyz.com/vlboh6,c81fd4a3-684e-4d9c-99d3-60cedb4bfc1c
01-07-2025,www.xyz.com/aqywe31,18640ae5-1234-47a2-990f-75a2a020eee7
01-07-2025,www.xyz.com/srlnj77,4285d08d-540d-4c7c-b9e1-7f1081762a6f
01-07-2025,www.xyz.com/kjuvj51,297e415f-c2a4-498d-b9c7-b170120d5801
01-07-2025,www.xyz.com/fcqos70,95aeb510-b30f-4024-8410-e1fa8d69c1eb
01-07-2025,www.xyz.com/kbonz9,5a47f536-bdd8-497f-8175-3de93b3c5068
01-07-2025,www.xyz.com/fhvhu35,94b762df-0dc2-41ba-bff3-691cbc57f46d
01-07-2025,www.xyz.com/niyss15,6c6f2d69-0c5c-4c7e-bdea-2f5fb8329fc3
01-07-2025,www.xyz.com/dkvwb37,dbdb613a-e8a6-4164-bbef-cda7db31b2b2
01-07-2025,www.xyz.com/nbyny60,b842ff99-f84d-412a-94ed-7f72e5f42f2b
01-07-2025,www.xyz.com/adyof94,17accb74-2e89-4703-b8ff-b1ad31158e32
01-07-2025,www.xyz.com/cfool60,df54892e-feb0-484d-b3d0-3b537fc0e421
01-07-2025,www.xyz.com/kfhmh16,32887b35-20b0-47d7-8c13-b9d38611e799
01-07-2025,www.xyz.com/urgxd24,11287e93-6c25-4618-8c6f-e485c45a55f3
01-07-2025,www.xyz.com/pcjad32,6a49ab9f-260f-42bc-9326-b49048c360be
01-07-2025,www.xyz.com/hbyyl95,2aa2b8d5-4d45-43f1-b534-46abf6b84716
01-07-2025,www.xyz.com/otyzp40,4eefa7ed-b6cb-4b23-89f5-e2aca4afca59
01-07-2025,www.xyz.com/nired83,baeb76e1-9563-4d14-937b-4fa095e17df4
01-07-2025,www.xyz.com/zgkqs13,676721d4-93f3-4ed4-8fe2-0cbedd0a9641
01-07-2025,www.xyz.com/bdiag41,f40e11ba-40cc-4185-b60b-f27c8936c1fc
01-07-2025,www.xyz.com/zakkq87,63871dfc-ea5d-4e97-9172-4e2238c80940
01-07-2025,www.xyz.com/wrtpy69,7e1faa0b-6fa6-4aae-ba29-d4efb8c4ed10
01-07-2025,www.xyz.com/owfrp21,b8976eef-e271-4afa-b776-674d10247efa
01-07-2025,www.xyz.com/qvcfg96,da4062c4-f239-499a-a590-fffb309beb9b
01-07-2025,www.xyz.com/tccjt38,6ea22103-e279-4cf2-8f9b-0d705196c293
01-07-2025,www.xyz.com/bytzf9,13e1c4e1-23eb-46ca-819b-9f7a52baf981
01-07-2025,www.xyz.com/ljnkz88,3d845928-d620-40dd-be1c-e0e630d5527e
01-07-2025,www.xyz.com/ibyej98,8ba71042-7190-4088-bc62-f1d005698ac1
01-07-2025,www.xyz.com/rfhhn4,02d0b855-7d6b-4746-a578-1317183c69f6
01-07-2025,www.xyz.com/abzay79,cbf3c940-6d8a-4354-b395-0e4b1d0a72f4
01-07-2025,www.xyz.com/gslnv79,04de46d1-1e0d-4c39-af29-9183b2e3be5b
01-07-2025,www.xyz.com/xkimx97,c39af5a0-0f24-4243-a6aa-5d2db2473973
01-07-2025,www.xyz.com/gwskd82,933ec807-1ee4-4e37-8463-1ba94171c3b5
01-07-2025,www.xyz.com/fakmr72,db01ec2b-0e7e-4e46-9a1e-b09e4d757edf
01-07-2025,www.xyz.com/yalkn13,5374c471-d2a2-460d-b562-1859bc905464
01-07-2025,www.xyz.com/btwkc32,4ca8d874-5aa9-47d9-8dd2-7313853956bd
01-07-2025,www.xyz.com/jsyaz83,417940f6-f416-404e-a873-b42a9b2da9d7
01-07-2025,www.xyz.com/uxpih95,caac5796-8cf8-45d0-8864-4856ae81ae65
01-07-2025,www.xyz.com/nexzg89,cb507058-9ad0-4f2d-88e5-2effcda66361
01-07-2025,www.xyz.com/krale44,f0658560-353d-4a68-86f2-eec0ebf3a648
01-07-2025,www.xyz.com/rcvdu64,200f0d67-3e80-4910-a4c9-990360cc5497
01-07-2025,www.xyz.com/stccg55,1841a6ac-f16e-4db4-bdb0-4abcc9dbb52f
01-07-2025,www.xyz.com/vundl64,f256a4e7-1854-4342-8667-c04dc85c4f75
01-07-2025,www.xyz.com/skzdj47,465d0096-6b9b-4e1b-b830-5ecbe262946f
01-07-2025,www.xyz.com/fkccn42,cd873c10-6e47-4554-8eb7-44a10f325ae3
01-07-2025,www.xyz.com/vtrac98,1a1b7542-2435-4954-aeba-328beff29936
01-07-2025,www.xyz.com/whgnc71,dc5bd034-679c-4f3e-af7b-67f3d1cf95bc
01-07-2025,www.xyz.com/iueln3,0aa72c1c-db44-4c8d-83f9-ae2dab4095dc
01-07-2025,www.xyz.com/aqtva73,85354002-5f29-4669-aad0-323823ab341c
01-07-2025,www.xyz.com/mlpjr9,219cbda7-49ce-498e-8188-e00330981912
01-07-2025,www.xyz.com/cndcx79,1db0dc7e-71fa-47ec-8adb-2cb528eae000
01-07-2025,www.xyz.com/tbcpf59,f1d26344-d0c0-4c15-abe1-5cb0706714f5
01-07-2025,www.xyz.com/acskw63,ecd40507-b0b0-4377-aa22-d2622effd598
01-07-2025,www.xyz.com/bbduy58,a1ba2b4b-11ab-44f7-9649-9514339bbd4f
01-07-2025,www.xyz.com/iouby73,0838e9ed-be70-45d7-906f-6b7cb3280229
01-07-2025,www.xyz.com/maunz31,e0c84295-dc9b-46a2-95ba-f37df74592d6
01-07-2025,www.xyz.com/giqjz75,1a7c46d3-2d79-4ab0-90c3-9c2f388025b2
01-07-2025,www.xyz.com/apxuj60,fa410fa5-9ebf-4187-b2f3-24e5aebe4fe1
01-07-2025,www.xyz.com/bujyb56,490130e3-0dc3-4a3c-8acc-9b911fde54cd
01-07-2025,www.xyz.com/phmlw50,583fd1b1-1f2f-4a4f-af2b-cc866206a382
01-07-2025,www.xyz.com/kjkmc34,21c1c2bd-ed25-4538-a931-991b3cac4606
01-07-2025,www.xyz.com/ddhro21,f9bc65ac-99c8-4767-af01-cb2eb18efcaf
01-07-2025,www.xyz.com/vwjni47,976a6fc9-3f76-4638-8662-ec1b248ac583
01-07-2025,www.xyz.com/jnbsd16,66ef22d2-ce7a-420a-95d4-39985b128c3a
01-07-2025,www.xyz.com/qhado26,751e9231-7916-4ddc-8345-8b14004b8630
01-07-2025,www.xyz.com/rebhz27,820dc676-faa0-438f-abaa-5c28a5bf1c65
01-07-2025,www.xyz.com/avxnc48,7d0173f7-d71b-46d7-80d7-163b5fa32dc5
01-07-2025,www.xyz.com/uxlbf52,5fd7d61a-3495-48fb-9cee-6d2a48327d83
01-07-2025,www.xyz.com/jczqy51,9b84821b-a934-4cc5-b405-dc2652970056
01-07-2025,www.xyz.com/qcqge83,4b47041b-1508-4d97-9941-a36d7212d498
01-07-2025,www.xyz.com/pitnv60,fc722462-2659-448e-afdf-0b0fca717df2
01-07-2025,www.xyz.com/xngjc63,71b0e86e-665e-4206-bdeb-65a32728f1e7
01-07-2025,www.xyz.com/iduam47,2decec32-c7d1-444b-8212-34c1a759e84b
01-07-2025,www.xyz.com/etonq45,60f8adc9-2e86-4455-a670-c99b5039b43c
01-07-2025,www.xyz.com/knsmd46,b7dd50b2-fc65-4fc0-be0d-14fb6184ad88
01-07-2025,www.xyz.com/qamvx36,60293203-78e3-4aa1-9731-7af68d018cc3
01-07-2025,www.xyz.com/sctip19,eff39be6-f4b4-426e-a62e-cfbddfb90e04
01-07-2025,www.xyz.com/thruw8,988a4095-1a63-435b-ad78-79fa7598e77a
